original_id,artists,track name,emotionality,emotion_type,emotion_score,culture
102482,Emre Fel,Sevgilim Biz Ayrıldık,0.40983879538848267,SADNESS,0.9873722791671752,Turkish
102649,Sertab Erener,Dandini Dandini Dastana,0.5081057714900845,ANGER,0.3828654885292053,Turkish
102799,Sertab Erener,Fış Fış Kayıkçı,0.531716910180217,JOY,0.9973301887512208,Turkish
102882,Sera Savaş,Anlatsam Anlatamam,0.29022038867802114,SADNESS,0.9788092970848083,Turkish
102903,Ufuk Beydemir,Ay Tenli Kadın,0.2610120429412971,LOVE,0.4738219380378723,Turkish
102934,Burcu Güneş,Yansın Geceler,0.2514077894749051,SADNESS,0.6678830981254578,Turkish
102981,Suzan Hacigarip,Şimdi Biraz Uyu,0.3442387537738272,SADNESS,0.925359308719635,Turkish
102983,Kaan Tangöze,Bir Kız Bana Emmi Dedi,0.5282088006149215,ANGER,0.8581915497779846,Turkish
102992,Barış Kocatürk,Kalmalısın,0.17574756877823786,JOY,0.9962220191955566,Turkish
102997,Melike Şahin,Nasır (Live at Zorlu PSM),0.33374473703261426,FEAR,0.5114221572875977,Turkish
112001,Lil Zey,Eskisi Gibi,0.2067657317370199,SADNESS,0.9987748265266418,Turkish
112002,Serhat Durmus,Gesi Bağları,0.34442558967466197,SADNESS,0.8858768343925476,Turkish
112020,Khontkar,Ondan Böyleyim,0.21303464681869216,SADNESS,0.5941985249519348,Turkish
112021,Pinhani,Çok Alıştım Sana,0.3374900102902647,SADNESS,0.4994170367717743,Turkish
112022,Scoochie Boochie,Big Space Battle,0.2395777994504085,JOY,0.9461897611618042,Turkish
112024,Mavi (TUR),ama hala,0.13154861344495675,JOY,0.6108287572860718,Turkish
112027,Ayna,Severek Ayrılanlar,0.24026934207104314,LOVE,0.983578324317932,Turkish
112028,Flört,Bir Tek Sen Gelmedin,0.13656872881001736,JOY,0.955233871936798,Turkish
112029,Şehinşah,Hiphop Okulu,0.10986890520399087,ANGER,0.9694929718971252,Turkish
112032,Anıl Piyancı,Beraber Büyüdük,0.14347826953652498,JOY,0.9968848824501038,Turkish
112034,Anıl Piyancı,Beraber Büyüdük,0.14347826953652498,JOY,0.9968848824501038,Turkish
112035,Lvbel C5,10 NUMARA,0.1487678281728829,ANGER,0.9871715903282166,Turkish
112037,Hüsnü Arkan,Öyle Bir Rüya,0.32958594936938623,SADNESS,0.961372435092926,Turkish
112038,Ceg,Neden,0.15920192928707147,SADNESS,0.9549638628959656,Turkish
112039,Duman,Her Şeyi Yak,0.2988849429407591,SADNESS,0.8356033563613892,Turkish
112040,No.1,Ateş ve Barut,0.2271815412162447,JOY,0.7593369483947754,Turkish
112042,Vega (TUR),Bu Sabahların Bir Anlamı Olmalı,0.2896389160912083,ANGER,0.6674341559410095,Turkish
112043,Teoman,Gemiler,0.2063798842406832,JOY,0.8043980598449707,Turkish
112044,Teoman,Sevdim Seni Bir Kere,0.3120219088283022,LOVE,0.9568387269973756,Turkish
112045,Teoman,Sevdim Seni Bir Kere,0.3120219088283022,LOVE,0.9568387269973756,Turkish
112047,Emir Can İğrek,Kaptan,0.2167978964680088,ANGER,0.99232679605484,Turkish
112048,Teoman,Paramparça,0.090553303660213,SADNESS,0.99797123670578,Turkish
112056,Şehinşah,Koyu,0.13263721352844832,ANGER,0.8884848356246948,Turkish
112060,Anıl Piyancı,Beraber Büyüdük,0.14347826953652498,JOY,0.9968848824501038,Turkish
112064,Nev,Susma,0.21029105569301637,SADNESS,0.995371162891388,Turkish
112065,Nev,Benmişim,0.04210628405905417,FEAR,0.6093745827674866,Turkish
112067,Hidra,Neden Mi İllegal 3,0.07627651419573911,FEAR,0.9371110796928406,Turkish
112068,Şehinşah,Türlü Bela,0.2959879757140783,SADNESS,0.5093435049057007,Turkish
112071,Nev,Mühürlü Kaderim,0.18674459183869838,JOY,0.3808412551879883,Turkish
112072,Joker,Yaşamak Öldürür P2,0.20049030919957866,SADNESS,0.9867970943450928,Turkish
112074,Birileri,...aynı yer,0.2719672463598995,JOY,0.9518194794654846,Turkish
112075,Emir Can İğrek,Bıraktım Şaşırmayı,0.4443465407868562,SURPRISE,0.9709441661834716,Turkish
112076,Ceg,Onlar Acımı Bilemez Hacım,0.1749519514739466,JOY,0.9959561228752136,Turkish
112078,Athena,Geberiyorum (Nâzım Hikmet Ran Günler Şiiri),0.2680624516530759,SADNESS,0.946731984615326,Turkish
112079,Şehinşah,Kunteper,0.11694202540813711,ANGER,0.8148376941680908,Turkish
112080,Contra,Ötesi,0.0,ANGER,0.9904622435569764,Turkish
112082,Emre Fel,Sevgilim Biz Ayrıldık,0.40983879538848267,SADNESS,0.9873722791671752,Turkish
112083,Teoman,Seninim Son Kez,0.41169000112899357,ANGER,0.914705753326416,Turkish
112084,Hidra,Karıncalar,0.25612297155150304,SADNESS,0.9953072667121888,Turkish
112085,Sefir,Rehber,0.26269265708438666,SADNESS,0.6119734048843384,Turkish
112087,Şehinşah,Güller Ve Rhyme,0.04164156908782232,ANGER,0.6289631128311157,Turkish
112089,Genius Türkiye,Mart 2021 Tekli Yayınlama Takvimi,0.16253978245006928,JOY,0.8206664323806763,Turkish
112092,Ne Jupiter,Gökyüzüm Siyah Olsa Da,0.2843269848717534,FEAR,0.9936422109603882,Turkish
112093,Şanışer,Benim Aklımdan Zorum Var - Live,0.24583731230219305,FEAR,0.76829594373703,Turkish
112094,Sertab Erener,Dandini Dandini Dastana,0.5081057714900845,ANGER,0.3828654885292053,Turkish
112095,Umut Kaya,Öpüyorum,0.16364098308855157,SADNESS,0.9730436205863952,Turkish
112097,Tan Taşçı,Eski Sevgilim (Live),0.3010134016791289,JOY,0.9234562516212464,Turkish
112098,Emir Can İğrek,Franco,0.21458335560895433,ANGER,0.93730366230011,Turkish
112099,Saian,Ay Şarkısı,0.19009902872037573,FEAR,0.9713341593742372,Turkish
112103,Ahiyan,Akıllanamadım,0.4089104337322663,ANGER,0.8507758378982544,Turkish
112108,Ezhel,Gerçek Sandım,0.2016429311376591,SADNESS,0.9818423986434937,Turkish
112109,Anıl Piyancı,Yeşillendir,0.01908756231060263,FEAR,0.9556401371955872,Turkish
112111,Hidra,Bağırın,0.19256913648971904,SADNESS,0.9442179799079896,Turkish
112114,YoungQueenz,"Dragontown, Pt. III",0.3734744259543148,JOY,0.9503048658370972,Turkish
112115,Şebnem Ferah,Kalbim Mezar,0.07434038566413764,JOY,0.7278368473052979,Turkish
112116,Beta Berk Bayındır,Her Şey Aynı,0.3030866904175432,ANGER,0.6392353177070618,Turkish
112117,Büyük Ev Ablukada,BENİM KAFAM SİKTİRMİŞ GİTMİŞ,0.11947812377066741,ANGER,0.9893869161605836,Turkish
112118,Ezginin Günlüğü,Zerdaliler,0.4872169960255941,ANGER,0.7534574270248413,Turkish
112119,Saian,Birkaç Güzel Gün İçin,0.24792429716115702,SADNESS,0.7127531170845032,Turkish
112120,Şanışer,Belki Bir Gün Barışırız,0.13518510494051558,JOY,0.866226077079773,Turkish
112121,Pinhani,Bülbülüm Altın Kafeste,0.34414860220793114,LOVE,0.976747453212738,Turkish
112124,Saian,Yeni Beyaz,0.23758243645457156,SADNESS,0.5218939185142517,Turkish
112126,Hidra,Burası Dünya Değil,0.06131655381342546,SADNESS,0.9963476061820984,Turkish
112127,Contra,Hayırlara Ola,0.2606112085606256,ANGER,0.4691745936870575,Turkish
112128,Ceg,Kafamın İçi Dolu,0.23129351235590512,JOY,0.9975069165229796,Turkish
112129,Grogi,Cayır Cayır,0.1437177945616782,SADNESS,0.5741552710533142,Turkish
112131,İlhan İrem,Yemyeşil Bir Deniz,0.2895868658258164,JOY,0.476082295179367,Turkish
112132,Tan Taşçı,Ağla Ağla (Live),0.32043494687941426,SADNESS,0.99774432182312,Turkish
112139,No.1,Karanlıkta Güneşlenenler,0.04426483136042833,SURPRISE,0.9166619181632996,Turkish
112141,Sertab Erener,Fış Fış Kayıkçı,0.531716910180217,JOY,0.9973301887512208,Turkish
112142,Stabil,Aynalarımda,0.18536652645757762,SADNESS,0.6645976305007935,Turkish
112143,Haluk Levent,Ankara,0.2530685012343343,SADNESS,0.9970364570617676,Turkish
112144,Ajda Pekkan,Sana Neler Edeceğim,0.22760154856931966,JOY,0.464713841676712,Turkish
112146,Zakkum,Dile Kolay Kalbe Değil,0.19339205105845822,JOY,0.914189875125885,Turkish
112148,Tan Taşçı,Kalbime Gömüyorum (Live),0.3401371625711498,SADNESS,0.9900715351104736,Turkish
112149,Ahiyan,İstemem,0.2763079598249662,SADNESS,0.9981677532196044,Turkish
112150,Ufuk Beydemir,Ay Tenli Kadın,0.2610120429412971,LOVE,0.4738219380378723,Turkish
112153,Sansar Salvo,Koptu Kayış,0.1712606102133925,ANGER,0.9957935810089112,Turkish
112155,Şam,Kör Kurşun,0.1481995476479776,ANGER,0.9920755624771118,Turkish
112158,Ati242,NERDESİN,0.12923278678438666,ANGER,0.6657439470291138,Turkish
112160,Pinhani,Unutuldular,0.34122635441737204,SURPRISE,0.7499650716781616,Turkish
112161,Şanışer,Beni Kır,0.32676265731851317,JOY,0.9927114248275756,Turkish
112162,Birkan Nasuhoğlu,Sevda,0.363591927689048,LOVE,0.9600228667259216,Turkish
112163,No.1,İyilik Meleğim,0.2279062015440409,ANGER,0.9954965114593506,Turkish
112166,Gece,22,0.19285601580360223,JOY,0.465487390756607,Turkish
112172,Yaşlı Amca,Sanki Yapamadım,0.21759103286827375,SADNESS,0.8234971165657043,Turkish
112174,Yeni Türkü,Olmasa Mektubun,0.5043090305039319,SADNESS,0.9980514049530028,Turkish
112175,Burcu Güneş,Yansın Geceler,0.2514077894749051,SADNESS,0.6678830981254578,Turkish
112176,Pantera,Suicide Note Pt. I,0.22147238039885564,JOY,0.9603738188743592,Turkish
112177,Veys Çolak,Kimsenin Kimsesi,0.32606246065543915,ANGER,0.6955439448356628,Turkish
112179,Yüzyüzeyken Konuşuruz,Kendi Evimde Deplasmandayım,0.16936453399851015,SADNESS,0.9608378410339355,Turkish
112180,Batu Akdeniz,Ona Gitme,0.17167985823665033,SADNESS,0.9045012593269348,Turkish
112181,Güncel Gürsel Artıktay,Kanar,0.46473175727875626,SADNESS,0.4068138897418976,Turkish
112182,Gece,Derbeder,0.14976967382666498,SADNESS,0.9950942993164062,Turkish
112183,Şanışer,Güya,0.037382050924500615,JOY,0.9357829093933104,Turkish
112186,Emir Can İğrek,Beni Uğurla,0.41349768139237436,SADNESS,0.9867345094680786,Turkish
112188,Ati242,KAPA GÖZLERİNİ,0.12591469756421858,ANGER,0.8498247861862183,Turkish
112190,Sera Savaş,Anlatsam Anlatamam,0.29022038867802114,SADNESS,0.9788092970848083,Turkish
112191,Tan Taşçı,Ben Her Bahar Mutsuzum (Live),0.34269162377682827,SADNESS,0.9963055849075316,Turkish
112194,Kayra,Çok Yaşlıyım,0.006052275041310201,ANGER,0.6857054233551025,Turkish
112196,Teoman,Renkli Rüyalar Oteli,0.29360871718948867,JOY,0.9697572588920592,Turkish
112200,Zeynep Bastık,Ara,0.18838802520041742,LOVE,0.9903848171234132,Turkish
112203,Cem Karaca,Çökertme,0.246957594878094,SADNESS,0.9298498630523682,Turkish
112205,Sokrat St,Bunu Sen Seçtin,0.13404579971271108,SADNESS,0.9736846685409546,Turkish
112206,Sehabe,Siyah,0.2713664692315444,ANGER,0.7580470442771912,Turkish
112207,Teoman,Kalbin Yok mu,0.22330492157330809,LOVE,0.9819042086601256,Turkish
112208,Keişan,"Ateş, Elbet",0.27905356160376027,ANGER,0.9260197281837464,Turkish
112210,Cash Flow,600 Watt,0.1873581314872056,ANGER,0.9381812810897828,Turkish
112214,Ezhel,Sekiz 2,0.10519164465328099,ANGER,0.4533577561378479,Turkish
112215,Şanışer,Anlamı Yok,0.10913954078761015,ANGER,0.9969208240509032,Turkish
112216,No.1,Yokluğuma Alışma,0.14999340845213727,SADNESS,0.8472615480422974,Turkish
112217,seco (TUR),ANNE YAŞLANDIĞIMI HİSSEDİYORUM,0.21008349946413912,ANGER,0.6069305539131165,Turkish
112220,No.1,Sarhoş,0.18698693888565437,SADNESS,0.9532257914543152,Turkish
112221,Tan Taşçı,Beş Dakika (Live),0.313255298639844,SADNESS,0.9900291562080384,Turkish
112223,Şehinşah,İstila,0.09875318998094207,ANGER,0.9689805507659912,Turkish
112224,Hayki,Bu Kendime Son Gelişim,0.11886737675370013,JOY,0.922373592853546,Turkish
112226,Hidra,Lirikal Ağ,0.31876719068380266,JOY,0.9502065777778624,Turkish
112227,Bağzıları,Sizin Olsun Dünyalar,0.21124133930032463,SADNESS,0.9807658195495604,Turkish
112231,Şanışer,Yanıma Gelmesinler,0.20839414531376302,ANGER,0.803322434425354,Turkish
112232,Mavi Gri,Şiir Senin Yüzündür,0.2527360638800631,LOVE,0.9928117394447328,Turkish
112234,Teoman,Rapsodi İstanbul,0.14813563008680858,SADNESS,0.7134565114974976,Turkish
112235,Ceg,Herşeyin Bir Bedeli Var,0.1773046309916312,SADNESS,0.7848988175392151,Turkish
112237,Ceg,Dün Gece,0.2266368209279637,SADNESS,0.7779124975204468,Turkish
112238,İstanbul Trip,Kural Ne Bilmiyorum,0.11644989123649988,ANGER,0.5202348232269287,Turkish
112239,Saian,Kanunsuzlar,0.18890821270330665,JOY,0.6155869364738464,Turkish
112240,Ayten Alpman,Ben Böyleyim,0.35303070925007557,ANGER,0.9974331259727478,Turkish
112241,Can Bonomo,Bardak Taşıyor,0.08454139103313069,SADNESS,0.9959806203842164,Turkish
112243,Bağzıları,Allı Turnam,0.31252864550833326,SADNESS,0.995554506778717,Turkish
112244,Grup Yorum,Sevda Türküsü,0.3321730765099585,LOVE,0.9939627051353456,Turkish
112245,Sansar Salvo,RAPertuar,0.4001295806495072,JOY,0.7608810663223267,Turkish
112247,Sezen Aksu,Karşıyım,0.07495235029626388,ANGER,0.7928307056427002,Turkish
112249,Ajda Pekkan,Son Yolcu (Senza Fiato),0.215360803575613,SADNESS,0.9208920001983644,Turkish
112250,EDIS,Arıyorum,0.18192159662153723,SADNESS,0.9898430705070496,Turkish
112253,Gülşen,Seyre Dursun Aşk (Akustik),0.19015868495412808,SADNESS,0.9590604305267334,Turkish
112254,Lil Zey,Avaz Avaz,0.3246612184926538,JOY,0.5269051790237427,Turkish
112255,Anıl Piyancı,Keyif Pezevengi,0.04307734905206703,JOY,0.9924856424331664,Turkish
112258,Ati242,Dondu Puşt,0.1136900346542393,ANGER,0.9727134704589844,Turkish
112259,Asil Slang,BANA Bİ’ŞEY OLMAZ,0.2511324244894578,SADNESS,0.9462366104125975,Turkish
112260,TNK,Ruhum Boğaziçi,0.17284693047829985,LOVE,0.3607755899429321,Turkish
112261,Anıl Piyancı,BANA DİK DİK BAKMA,0.21784565063091726,JOY,0.8808681964874268,Turkish
112262,Şanışer,Artık Anlamıyorum,0.13458638363313966,ANGER,0.9978917241096495,Turkish
112263,Son Feci Bisiklet,Modern Zamanlar,0.2601863178288791,LOVE,0.9233137369155884,Turkish
112264,Killa Hakan,İlk Kural Saygı,0.08367745803114868,JOY,0.8464304208755493,Turkish
112266,Şehinşah,Intro (of 666),0.22336312027084607,FEAR,0.554804265499115,Turkish
112267,Şebnem Ferah,Babam Oğlum,0.22981605622848192,SADNESS,0.9945980310440063,Turkish
112269,Kayra,Hayırsız Evlat,0.06767086415185464,SADNESS,0.983737051486969,Turkish
112271,Şehinşah,Sendeliyorum,0.10923406668025643,SADNESS,0.8928536176681519,Turkish
112272,Şanışer,Yazamam Ecele,0.1345005769647799,SADNESS,0.9620153903961182,Turkish
112273,Gökhan Türkmen,Biraz Ayrılık,0.18082508431151625,SADNESS,0.7194632887840271,Turkish
112274,Cem Adrian,Duymak İstiyorum,0.46435165099084685,SADNESS,0.7546107769012451,Turkish
112275,Asya (TUR),Pişmanım,0.3580811562694518,SADNESS,0.9511646032333374,Turkish
112276,Gece,Yarım,0.13132612818747946,JOY,0.8103833794593811,Turkish
112277,Kibariye,Kara Gözlü Çingenem (Roman),0.2963458234313455,LOVE,0.6787610054016113,Turkish
112278,Sokrat St,Gregoryen,0.270043816610853,ANGER,0.7905737161636353,Turkish
112280,Şüphe (TUR),Bitsin,0.10483920311540404,SADNESS,0.8028550744056702,Turkish
112284,Yaşar,O’nun Vedası,0.3310870121413887,SADNESS,0.765925943851471,Turkish
112285,Melike Şahin,Nasır (Live at Zorlu PSM),0.33374473703261426,FEAR,0.5114221572875977,Turkish
112290,Barış Kocatürk,Kalmalısın,0.17574756877823786,JOY,0.9962220191955566,Turkish
112292,Yedinci Ev,Eninde Sonunda,0.11107771512704659,JOY,0.9972652196884156,Turkish
112293,Nazan Öncel,Beni Bu Koca Şehirde Yalnız Bırakma,0.061491735145301485,SADNESS,0.868894636631012,Turkish
112296,Cash Flow,Hergün Bela Devam,0.13462702023412143,JOY,0.619591474533081,Turkish
112299,Kamuran Akkor,Beni Kaybettin Artık,0.2591673693667016,SADNESS,0.9881658554077148,Turkish
112301,Şam,Artık,0.25354152307152983,ANGER,0.6995185017585754,Turkish
112302,Şanışer,Ölüm Aklımı Çelmek Üzere,0.361054040279439,ANGER,0.9821826815605164,Turkish
112303,Ocean (gråta djävulen),Ded Memories (soul food),0.12464541326693768,ANGER,0.968679666519165,Turkish
112307,Şam,Ailem İçin,0.2553898734469541,ANGER,0.5567516088485718,Turkish
112308,Kaan Tangöze,Bir Kız Bana Emmi Dedi,0.5282088006149215,ANGER,0.8581915497779846,Turkish
112311,Şehinşah,Hadi Yaparsın,0.18453068145157592,SADNESS,0.5256054997444153,Turkish
112312,Yaşlı Amca,Her Şey Sen,0.13368428849340624,ANGER,0.9521288871765136,Turkish
112315,Nazan Öncel,Beni Hatırla,0.2422145685294273,ANGER,0.7292203903198242,Turkish
112316,Çağrı Sinci,Daha Neler,0.14643857142330768,FEAR,0.9945300221443176,Turkish
112320,Melike Şahin,Aşk Bitti,0.39343507125127675,SADNESS,0.9406167268753052,Turkish
112321,Nova Norda,Yüreğim Ellerinde,0.3389284002190201,SADNESS,0.9825200438499452,Turkish
112322,Yedinci Ev,Şimdi,0.20009184238633745,SADNESS,0.9739505648612976,Turkish
112324,Sertab Erener,Dandini Dandini Dastana,0.5081057714900845,ANGER,0.3828654885292053,Turkish
112326,Cem Adrian,Hüzün Kovan Kuşu,0.42033078301525273,JOY,0.6797847151756287,Turkish
112327,Genius Türkçe Çeviriler,Drake - Pain 1993 ft. Playboi Carti (Türkçe Çeviri),0.14157468522287012,ANGER,0.5474616885185242,Turkish
112329,Arman Yekta,Agarta International,0.3766287693172702,ANGER,0.9970320463180542,Turkish
112332,KÖFN,Sensiz N’aparım Ben,0.19395372066722333,ANGER,0.4794410169124603,Turkish
112333,Kibariye,Gülü Soldurmam,0.2450927879616886,LOVE,0.8538486361503601,Turkish
112334,Ayna,Çayımın Şekeri,0.10473672112146737,JOY,0.9697614312171936,Turkish
112335,Mode XL,Toz Konduramazsın,0.2850136609044355,FEAR,0.9857529997825624,Turkish
112336,Gülden Karaböcek,Hatıran Yeter,0.2293397575602621,JOY,0.7630580067634583,Turkish
112339,Müzeyyen Senar,Akşam oldu hüzünlendim ben yine,0.4224739752998402,LOVE,0.9906399250030518,Turkish
112340,Allame,Fare Kapanı,0.08784467573605212,ANGER,0.7338548898696899,Turkish
112342,Ceg,Tanrı,0.17255827440828836,ANGER,0.6688631772994995,Turkish
112343,Saian,Al Sevgilim Kanser Ol Bununla,0.10568986453520607,SADNESS,0.9778838157653807,Turkish
112344,Yüksek Sadakat,Onlar Bizi Dinlerler,0.13589676269034592,JOY,0.6496410965919495,Turkish
112345,Zakkum,Mürekkep,0.20416952433677718,SADNESS,0.4340029060840606,Turkish
112346,Hayko Cepkin,Destina (Yeni Türkü Zamansız),0.29939007933353545,ANGER,0.5558938980102539,Turkish
112348,Sagopa Kajmer,Toplamam Yerde Kalır Kırıntın,0.25284367002725516,SADNESS,0.9763209223747252,Turkish
112351,Hepsi,Olmaz Böyle Şey,0.11896194956462003,SADNESS,0.8603169322013855,Turkish
112353,Birsen Tezer,Kadın,0.3792920971566326,FEAR,0.8367798328399658,Turkish
112358,Asil Slang,Çıkmadın Aklımdan,0.31630051632669187,ANGER,0.930681586265564,Turkish
112359,Khontkar,Hepsi Geçecek,0.20000339890951693,ANGER,0.5646389126777649,Turkish
112360,Ceza,Sabah Bastı Geceyi (Savaş Çocukları Part 2),0.06838691339936961,ANGER,0.9882508516311646,Turkish
112363,Khontkar,Hiç Uğraşma,0.1365821467276368,SADNESS,0.9337565302848816,Turkish
112364,punkart,Renkler (Sü),0.5221786194752709,SADNESS,0.9965877532958984,Turkish
112367,İkiye On Kala,Ben Bu Kafayla Napıcam,0.38995610394515035,SADNESS,0.9336217045783995,Turkish
112368,Güney Marlen,Nasıl Düştüm Bu Derde,0.2973244589374519,SADNESS,0.9430473446846008,Turkish
112369,Nilüfer,Ara Sıra Bazı Bazı,0.11890689247013331,JOY,0.9900528788566588,Turkish
112371,Peyk,Gidin,0.2529564946023139,SADNESS,0.9984851479530334,Turkish
112372,Yaku,LEGO,0.22807657533816875,FEAR,0.5051641464233398,Turkish
112375,Sezen Aksu,Yanmışım Sönmüşüm Ben,0.06394441092752542,JOY,0.773500919342041,Turkish
112377,Sagopa Kajmer,Bir Çok Kez Öldüm,0.18811680804947412,SADNESS,0.9985363483428956,Turkish
112380,Hayko Cepkin,Görmüyorsun,0.19546254883827996,SADNESS,0.970996618270874,Turkish
112381,Ferdi Tayfur,Ayrılacağım,0.22837549229381474,ANGER,0.8976439237594604,Turkish
112384,Ahiyan,Kurtulamadım,0.29500119679280934,ANGER,0.9967305660247804,Turkish
112386,Kibariye,Tepecikli,0.16641227984354942,JOY,0.6968647837638855,Turkish
112387,İlhan İrem,Konuşamıyorum (Sazlıklardan Havalanan),0.29217069431978276,FEAR,0.996815025806427,Turkish
112389,Rana Alagöz,Her Şey Bitmedi Bitemez,0.12672511447264395,SADNESS,0.9932947754859924,Turkish
112390,Teoman,Ruhun Sarışın,0.14777697120067584,SADNESS,0.9975029826164246,Turkish
112391,Sertab Erener,Benim Annem Güzel Annem,0.4748584047554262,LOVE,0.8601500988006592,Turkish
112392,Hidra,Kadınlar,0.11153111204563698,ANGER,0.6553478240966797,Turkish
112393,Ferhat Göçer,Adını Tek Geçerim,0.038526690794792734,ANGER,0.4153189361095428,Turkish
112394,Barış Kocatürk,Çirkin Olunca,0.2380094769429272,SADNESS,0.944133460521698,Turkish
112395,Hidra,Ölüme İnat 2,0.1703979931020374,FEAR,0.7226043939590454,Turkish
112396,Stabil,Ortaya Karışık,0.1888895292781136,SADNESS,0.78598552942276,Turkish
112398,No.1,Das Ist No.1,0.3228082273392747,SADNESS,0.6781843900680542,Turkish
112403,Can Bonomo,İyi Ki Doğdun,0.15653202337901462,SADNESS,0.9155451059341432,Turkish
112405,Sagopa Kajmer,Bir Dizi İz (2021 Tek Edit),0.2375184262807191,FEAR,0.9941709637641908,Turkish
112406,Çağrı Sinci,Kusursuz Gün,0.3004590742452108,SADNESS,0.9982197880744934,Turkish
112408,Suzan Hacigarip,Şimdi Biraz Uyu,0.3442387537738272,SADNESS,0.925359308719635,Turkish
112409,Yedinci Ev,O Olmasa,0.25647714558071627,SADNESS,0.998538374900818,Turkish
112410,Kezzo,Doğar Ya Güneş 2,0.1347512743748965,SADNESS,0.9723485112190248,Turkish
112412,Çilekeş,Yetmiyor,0.20563687310821332,LOVE,0.9630045294761658,Turkish
112414,İlhan İrem,Yazık Oldu Yarınlara,0.3040233161436417,SADNESS,0.993062436580658,Turkish
112416,Teoman,İstasyon İnsanları,0.2944075874484532,FEAR,0.4998572170734405,Turkish
112417,Sibel Can,Takiptesin,0.18738652783992593,FEAR,0.9950574636459352,Turkish
112418,UZI,Makina,0.2553519824535197,SADNESS,0.9255279898643494,Turkish
112421,No.1,Kırmızı Bandana,0.12076034716753009,FEAR,0.5056241750717163,Turkish
112422,Joker,Son Kale,0.07334492275489682,FEAR,0.9558586478233336,Turkish
112423,Genius Türkiye,Temmuz 2021 Tekli Yayınlama Takvimi,0.38795710585405746,SADNESS,0.4843314886093139,Turkish
112424,Allame,Şehir,0.048455316858096814,SADNESS,0.8777679800987244,Turkish
112425,Ceno,Yakaza Cypher Vol.3,0.13834336532549102,JOY,0.9930428266525269,Turkish
112426,Hidra,Ölüm Kalım Günü,0.20024226294841946,JOY,0.4772037267684936,Turkish
112427,Emel Sayın,Bak Yeşil Yeşil,0.39004780168229936,LOVE,0.9204056859016418,Turkish
112428,Teoman,Koma Hali,0.20724589254907916,FEAR,0.9047586917877196,Turkish
112431,Stap,Nasıl Bilirdiniz,0.20471015450895869,ANGER,0.6629723310470581,Turkish
112434,Rota,Bir Yalan Söyle Bana,0.10061150108232952,ANGER,0.99804425239563,Turkish
112435,Deniz Tekin,Hep Oturup Bekledim,0.3444104968174722,FEAR,0.9776809215545654,Turkish
112436,Contra,YERDEN YÜKSEK,0.1289222114282385,ANGER,0.9723569750785828,Turkish
112440,Can Bonomo,Bardak Taşıyor,0.08454139103313069,SADNESS,0.9959806203842164,Turkish
112441,Hidra,Kudurtan Şehir,0.1316483368273988,SADNESS,0.8007323145866394,Turkish
112442,Kargo,Mazi Kalbimde Bir Yaradır,0.10641137122685795,SADNESS,0.9964060187339784,Turkish
112445,Melike Şahin,Serim & Hepsi Geçti (Live at Bostancı Gösteri Merkezi),0.32593454305995195,SADNESS,0.9977444410324096,Turkish
112446,Ceg,Anormal,0.14957917019199496,ANGER,0.9977825284004213,Turkish
112447,Nazan Öncel,Erkekler de yanar,0.10014196605163245,ANGER,0.9877229928970336,Turkish
112450,Gülşen,Nazar Değmesin,0.24980600645111428,JOY,0.6076027750968933,Turkish
112451,EDIS,Martılar,0.09871320968255148,JOY,0.8803801536560059,Turkish
112455,Tanju Okan,Dostlarım,0.2995636854421722,SADNESS,0.9104444980621338,Turkish
112458,Old G,Yaktım,0.1426624653860653,JOY,0.9345479607582092,Turkish
112459,İmpala & Rebossa,LANETİM OL,0.282835753238647,JOY,0.9032087326049804,Turkish
112460,MFÖ (TUR),Bu Sabah Yağmur Var İstanbul’da,0.45913426995427786,JOY,0.9173067808151244,Turkish
112462,Resit Kemal,İhanetini Doldurdum,0.22289080587181578,ANGER,0.707184374332428,Turkish
112463,Yaşlı Amca,Kimsesiz,0.2626318686150134,ANGER,0.5371307730674744,Turkish
112464,Gülşen,Gözü Karalım,0.2606851463542069,JOY,0.4480509459972381,Turkish
112466,Emir Can İğrek,Kır Düğünü,0.23772728135493232,JOY,0.530292272567749,Turkish
112471,Aspova,Öpünce geçer mi,0.29292461559438715,SADNESS,0.9966391324996948,Turkish
112472,Hayki,Hangisi Doğru,0.08855715783528448,ANGER,0.9869303703308104,Turkish
112475,Teoman,Sus Konuşma,0.16974647852633865,SADNESS,0.9986159801483154,Turkish
112476,Levent Yüksel,Bi’ Daha (Kıvanç Kutlumuş Vers. 1 Remix),0.4239517054715055,ANGER,0.4066417515277862,Turkish
112480,Arda Gezer,Nefret,0.20221538043026474,JOY,0.9867497086524964,Turkish
112481,Nazan Öncel,Beyoğlu,0.12558314502648182,JOY,0.6277749538421631,Turkish
112485,Anıl Piyancı,Fiyasko,0.12488814923435174,JOY,0.8514439463615417,Turkish
112486,Revart,nereye giderdim,0.11436040851400367,JOY,0.995817482471466,Turkish
112488,No.1,Harikalar Diyarında,0.23906803069412802,JOY,0.9932461977005004,Turkish
112489,Leman Sam,İlla,0.2622027578798924,LOVE,0.87774258852005,Turkish
112490,No.1,Beklerken Durakta,0.07553477790678367,SADNESS,0.5749845504760742,Turkish
112491,Ceg,Uyuşana Dek,0.19665530830236624,SADNESS,0.9979471564292908,Turkish
112493,Eskitilmiş Yaz,Korkuyu Al İçimden,0.24324961868056177,SADNESS,0.7497221827507019,Turkish
112494,Sezen Aksu,Değer mi,0.12344863351114119,JOY,0.7479653358459473,Turkish
112496,Şebnem Ferah,Okyanus,0.08463744999067144,JOY,0.9957577586174012,Turkish
112498,Teoman,Zamparanın Ölümü (İkinci Ve Son Bölüm),0.11595965869580349,SADNESS,0.477567195892334,Turkish
112499,Genius,May 2020 Album Release Calendar,0.18284357945633656,JOY,0.8763562440872192,Turkish
112500,Tarkan,Şımarık,0.08158608346519111,SADNESS,0.9518537521362304,Turkish
112501,Feride Hilal Akın,Gizli Aşk,0.21316964779366057,FEAR,0.9429867267608644,Turkish
112504,Kibariye,İlle de Roman Olsun,0.14278471646330232,JOY,0.7206111550331116,Turkish
112506,Aşkın Nur Yengi,Karanfil,0.511164894730207,ANGER,0.993079960346222,Turkish
112507,Yedinci Ev,Eylül,0.33425037746927166,JOY,0.4552018046379089,Turkish
112508,Pinhani,Dur Söyleme,0.23391850743590123,SADNESS,0.7562078237533569,Turkish
112509,RamoBeroo,sarkı,0.37517445132141686,ANGER,0.5792544484138489,Turkish
112510,Emir Can İğrek,Güya,0.4669987757099056,SADNESS,0.981767475605011,Turkish
112513,Kargo,Kehribar,0.3151253767949082,ANGER,0.7422372698783875,Turkish
112516,Vice (TUR),Yalanlar ve Gerçekler,0.20279982997616586,ANGER,0.9961541295051576,Turkish
112517,Kenan Doğulu,Sımsıkı Sıkı Sıkı,0.2616672331149278,SADNESS,0.7304670810699463,Turkish
112518,Kıraç,Olur Ya,0.2967732363048341,JOY,0.9915015697479248,Turkish
112519,Ayşe özyılmazel,Sabıkalı,0.26903190481291717,ANGER,0.9945003986358644,Turkish
112520,Teoman,Terlemeden Sevişenler,0.053893972606542356,JOY,0.5770045518875122,Turkish
112522,Ersay Üner,Nokta,0.2695289023683841,FEAR,0.993579626083374,Turkish
112523,Saian,Kanunsuzlar,0.14826870956782762,JOY,0.6155869364738464,Turkish
112524,Rota,İrem,0.23656491961510034,JOY,0.4874641597270965,Turkish
112525,Barış Akarsu,İsterdim,0.23185968857004252,LOVE,0.6614812612533569,Turkish
112526,Genius Türkçe Çeviriler,Don Omar & Tego Calderón - Bandoleros (Türkçe Çeviri),0.3557115216842943,ANGER,0.7657736539840698,Turkish
112527,Sokrat St,Korkularıma Dair,0.16848765993365636,ANGER,0.974371612071991,Turkish
112531,Şanışer,Anlat Bana,0.28763157670439504,JOY,0.706269383430481,Turkish
112532,Nasıl Derler Bilirsin,Tertemiz Delirdim,0.16829731944939752,JOY,0.9980373978614808,Turkish
112534,Brandy,"Top of the World, Pt. II (No Rap Version)",0.17137253390401466,JOY,0.8131011724472046,Turkish
112535,Manuş Baba,Bir Acı Türkü,0.41139719819807385,ANGER,0.9848200082778932,Turkish
112537,Contra,YERDEN YÜKSEK 2,0.186668037192955,ANGER,0.9569353461265564,Turkish
112538,Ahmet Kaya,Beni Tarihle Yargıla,0.15592403091281556,LOVE,0.993547260761261,Turkish
112539,Gece,Gamsiz,0.13514820562730323,ANGER,0.815143883228302,Turkish
112541,Grogi,Bu Gece Bizim,0.22068246308512182,SADNESS,0.9958653450012208,Turkish
112542,Malt,Gol,0.08007017177630565,ANGER,0.9658023715019226,Turkish
112544,Saian,Feleğin Çemberine 40 Kurşun,0.07013421253794669,ANGER,0.9689176678657532,Turkish
112545,Müzeyyen Senar,Benzemez Kimse Sana,0.35726859155597174,SADNESS,0.9967716336250304,Turkish
112547,Düşüngeç,Sor Sakalım,0.24957329441215823,ANGER,0.991287648677826,Turkish
112548,Emel Sayın,Rüyalar Gerçek Olsa,0.39056423200629076,LOVE,0.8950154781341553,Turkish
112549,Sayha Mira,"Sazım, Sözüm",0.19117556880292427,JOY,0.994785726070404,Turkish
112552,Aspova,Benmişim,0.1714167797797293,SADNESS,0.526056706905365,Turkish
112557,Şanışer,Kış Yağmuru,0.2382300132699778,SADNESS,0.9967638254165648,Turkish
112559,Barış Akarsu,Mavi,0.1321834749218695,LOVE,0.9645846486091614,Turkish
112562,Khontkar,Hiçbir Şeyim Yok,0.13539293316984216,SADNESS,0.5245295166969299,Turkish
112563,Spade427,Bakınca Gökyüzüne,0.10369035041681829,JOY,0.8874655365943909,Turkish
112564,ONAL,ÇAT ÇAT ÇAT ES,0.3316160359568944,SADNESS,0.6987807154655457,Turkish
112566,Şanışer,Bu Sabah,0.22796206042569472,LOVE,0.9886112809181212,Turkish
112567,Duman,Haberin Yok Ölüyorum,0.20755598641464562,LOVE,0.9874136447906494,Turkish
112570,Can Gox,Drama Köprüsü,0.3205964249463771,ANGER,0.9933671355247498,Turkish
112571,Ravend,Rahatımı Bozamam,0.24668412337923715,SADNESS,0.9986843466758728,Turkish
112572,Umut Kaya,Canım Çok Yanıyor,0.15576539653692642,SADNESS,0.94573712348938,Turkish
112573,Tan Taşçı,Ona Söyle (Live),0.26104479412327936,LOVE,0.9353080987930298,Turkish
112576,Duman,Saldır,0.09799274722565016,ANGER,0.7123966217041016,Turkish
112577,Redd,Bugün Herkes Ölsün İstedim,0.18068064964550007,SADNESS,0.617625892162323,Turkish
112580,Şebnem Ferah,Fırtına,0.15469040107180368,JOY,0.946806252002716,Turkish
112581,Mustafa Sandal,İki Tas Çorba,0.38050734070276493,LOVE,0.9890015125274658,Turkish
112583,Barış Manço,Ömrümün Sonbaharında,0.5125104537730181,SADNESS,0.9969958066940308,Turkish
112586,Ümit Besen,Alışmak Sevmekten Zor,0.2818535726997237,LOVE,0.7281234264373779,Turkish
112587,Barış Kocatürk,Vurdum Kendimi Yola,0.3236032311174907,SADNESS,0.9948740601539612,Turkish
112588,Şebnem Ferah,Sana Bilmediğin Bir Şey Söyleyemem,0.1832223357025239,JOY,0.9237047433853148,Turkish
112591,Tan Taşçı,Bilir Mi (Live),0.32021109498220934,ANGER,0.996728777885437,Turkish
112592,Tan Taşçı,Yalvarırım (Live),0.4119045805145151,LOVE,0.3983985483646393,Turkish
112594,Candan Erçetin,Unut Sevme,0.07926609027155665,SADNESS,0.996992826461792,Turkish
112595,Can Bonomo,Senin Olmadan Ölemem,0.13073548120829376,ANGER,0.9787778854370116,Turkish
112596,Levent Yüksel,Aşk Mümkün Müdür Hala,0.20893165066868602,JOY,0.9295424818992616,Turkish
112598,Pera,Düşüyorum Sana,0.24394154809219776,LOVE,0.9847187399864196,Turkish
112599,Nilüfer,Kavak Yelleri,0.26382466910801283,FEAR,0.5175461173057556,Turkish
112600,FFG,OPERASYON,0.04015966395217713,JOY,0.9886775612831116,Turkish
112602,RM,Closer,0.2564478638657415,LOVE,0.8304328322410583,Turkish
112603,Şanışer,Belki - Live,0.3305439715044988,JOY,0.8841094970703125,Turkish
112605,Hepsi,Çok Güzelsin,0.10853190925080938,JOY,0.9976874589920044,Turkish
112608,​mor ve ötesi,Bazen,0.1779573472385562,JOY,0.986556351184845,Turkish
112610,Yedinci Ev,Dolunay,0.30666458498241234,SADNESS,0.9094178080558776,Turkish
112611,No.1,Sinekler Soğukta Salak,0.17065512449460518,SADNESS,0.9790177941322328,Turkish
112614,Kezzo,Yangın,0.1915570460222074,SADNESS,0.997314751148224,Turkish
112619,Genius Türkçe Çeviriler,J. Cole - Die Together (Türkçe Çeviri),0.24061654189796292,JOY,0.5186671614646912,Turkish
112620,Kaan Boşnak,Güzel Değil,0.3318108416026755,JOY,0.8974665403366089,Turkish
112621,Yedinci Ev,Gitmeden Önce,0.17398464407818726,SADNESS,0.9905847907066344,Turkish
112622,Şanışer,Bıktım Dünyadan,0.2139957366540893,ANGER,0.686134397983551,Turkish
112623,Sayedar,Bela Gelir Bulur Bizi,0.10405894187298487,ANGER,0.996032178401947,Turkish
112624,Rüzgar,Qisasımı Aldım,0.31729397716872876,JOY,0.5944828391075134,Turkish
112625,Kenan Doğulu,Bir İleri İki Geri,0.1643337207785262,LOVE,0.9373835325241088,Turkish
112627,No.1,Kalmadım,0.14314530299682426,ANGER,0.9720962047576904,Turkish
112628,Sezen Aksu,Kalbim Ege’de Kaldı,0.5145474613780816,LOVE,0.9882062077522278,Turkish
112629,Duman,Sınana Sınana,0.15367771990709728,SURPRISE,0.8396270275115967,Turkish
112630,GIMS,GROSSE BLETA,0.1420473135697523,ANGER,0.6604816913604736,Turkish
112632,Ceg,Yatmadan Önce,0.2220321159864899,ANGER,0.9013665914535522,Turkish
112633,​mor ve ötesi,Oyunbozan (Canlı),0.19757957033100806,JOY,0.8052946925163269,Turkish
112634,Hidra,Türkçe Rap,0.04691874938233709,SADNESS,0.9938779473304749,Turkish
112637,Hayko Cepkin,Ben Gideyim,0.19734909489612107,JOY,0.9574756622314452,Turkish
112640,Müzeyyen Senar,Gündüzüm Seninle,0.5402151139113465,SADNESS,0.9834499955177308,Turkish
112642,Kolpa,Ne Sevmeyi Bildik Biz Ne Sevilmeyi,0.2757685643870515,SADNESS,0.6315198540687561,Turkish
112644,TUGO,Geriye Dönemem,0.08251834634337618,SADNESS,0.8805185556411743,Turkish
112645,Tankurt Manas,Yükseklere,0.1630643260762679,FEAR,0.9840951561927797,Turkish
112646,Malt,Aşkın Gözü,0.09603471908237013,ANGER,0.481885552406311,Turkish
112647,Ceg,Mangır,0.1366392893356078,JOY,0.9725238084793092,Turkish
112648,Pilli Bebek,Anlıyorum,0.2255374289614086,SADNESS,0.908030092716217,Turkish
112653,Old G,COnnection 2,0.3229371001327941,JOY,0.9956477284431458,Turkish
112654,Orkundk,Ananın Amına Kadar Yolun Var,0.2839667614867779,ANGER,0.9962548017501832,Turkish
112655,Şam,Çok Derin,0.2794866586425571,SADNESS,0.9953435063362122,Turkish
112656,Şam,Psikoz,0.14263029119888881,SADNESS,0.9767698645591736,Turkish
112658,Sufle,Seninle,0.18393701743992014,SADNESS,0.9942458271980286,Turkish
112659,Son Feci Bisiklet,Çikolata,0.1390178026087308,SURPRISE,0.9546854496002196,Turkish
112661,Birkan Nasuhoğlu,DİKEN,0.3926804941004146,JOY,0.815238356590271,Turkish
112663,Şanışer,Kendim İçin,0.3885559188427824,SADNESS,0.995880961418152,Turkish
112664,Mavi Işıklar,Sevgilim,0.46346040595416677,LOVE,0.993822455406189,Turkish
112665,Dramelodi Project,Kandan Adam,0.3645151892114902,FEAR,0.8575114011764526,Turkish
112667,Teoman,Motosikletli Kız,0.026799458526754194,SADNESS,0.7539125680923462,Turkish
112670,Ravend,24'e 5 kala,0.07254911161628091,JOY,0.4839869439601898,Turkish
112672,​maNga,Bize Müsaade Ettim,0.1248221708105488,ANGER,0.5427408218383789,Turkish
112673,Tan Taşçı,Yok Başka Hayalim,0.04362621678081777,SADNESS,0.6454706192016602,Turkish
112674,Emre Altuğ,Çifte Kavrulmuş,0.14469364617037425,LOVE,0.9825412631034852,Turkish
112675,Şanışer,Dünyadan Alacaklarım Var,0.29352092770935134,ANGER,0.9881247282028198,Turkish
112678,Rota,İblisler,0.0220058263379741,ANGER,0.8955875039100647,Turkish
112680,Moğollar,Çaya Kaç Şeker,0.3052298495920549,JOY,0.9758283495903016,Turkish
112681,Ahiyan,Mahkeme Şarkısı,0.30010982632095434,ANGER,0.8938533663749695,Turkish
112685,Şebnem Ferah,Delgeç,0.12382279347538366,ANGER,0.5159417986869812,Turkish
112687,Sertab Erener,Uyusun Da Büyüsün,0.504825931566542,LOVE,0.9153034687042236,Turkish
112688,Haluk Levent,Zülüf,0.21408225500355643,SADNESS,0.5007843971252441,Turkish
112690,Pinhani,Masal,0.241542286727553,LOVE,0.8638577461242676,Turkish
112692,Sagopa Kajmer,İnsafa Gel,0.1076093477429739,ANGER,0.8225548267364502,Turkish
112693,OG Keemo,Vertigo,0.14070906724060334,FEAR,0.5457432866096497,Turkish
112694,Sertab Erener,Çamlıbel’den Çıktım Yayan,0.4942492550412703,ANGER,0.6051978468894958,Turkish
112695,Şebnem Ferah,Başka Bir Yol Var,0.16076642816504438,FEAR,0.966366171836853,Turkish
112696,Teoman,Yıldızları Yakalamak,0.03863149121293641,ANGER,0.750417172908783,Turkish
112703,Bossy,Fiyakalı Yok Oluşlar,0.23735518568214517,ANGER,0.9602984189987184,Turkish
112704,​rody dünyada,Keşif,0.385110051952591,SADNESS,0.997774302959442,Turkish
112708,Defa,Gerçek Rüya,0.3096782231669692,ANGER,0.3940012156963348,Turkish
112710,MAW,Ötesi Yok,0.20411555052465524,LOVE,0.934076726436615,Turkish
112712,Tan Taşçı,İmkansız (Rüyalarım Olmasa),0.21862883665371408,JOY,0.7263273596763611,Turkish
112715,Şanışer,Cinayet,0.16966433723261343,ANGER,0.6456354260444641,Turkish
112716,Anıl Piyancı,Sen Olmazsan,0.22655550727840157,SADNESS,0.91961270570755,Turkish
112717,Emre Nalbantoğlu,Sen Nerden Çıktın,0.18361176588132877,FEAR,0.9184934496879578,Turkish
112718,Göksel,Tam da Şu An,0.14871531612127836,LOVE,0.7493089437484741,Turkish
112719,Sertab Erener,Fış Fış Kayıkçı,0.531716910180217,JOY,0.9973301887512208,Turkish
112720,Perdenin Ardındakiler,Meseleler,0.5570707380920179,ANGER,0.9376102089881896,Turkish
112721,Kenan Doğulu,Kime Ne,0.05999013675877815,JOY,0.5966667532920837,Turkish
112722,Duman,Sen Ben,0.19623383872511732,SADNESS,0.9293376803398132,Turkish
112723,Ati242,Uçuyoz Gökyüzüne,0.18318819847038514,ANGER,0.6242374777793884,Turkish
112724,Gece Yolcuları,Ölüm de Var,0.2251532354921963,SADNESS,0.7275670766830444,Turkish
112728,Ayben,Yol Ver,0.15118132748646318,JOY,0.6684927940368652,Turkish
112729,Anıl Durmuş,Çıkmaz Sokak,0.31522486443004527,ANGER,0.8404170870780945,Turkish
112730,No.1,Gün Size Günaydı,0.0773871169688804,SADNESS,0.7972619533538818,Turkish
112731,Maestro,Fütüristik Rhyme,0.4781859040089341,JOY,0.5191733837127686,Turkish
112733,Sertab Erener,Aç Sesini,0.20971248051763525,ANGER,0.6984103322029114,Turkish
112736,Tan Taşçı,Söyleme (Live),0.4614614849613981,SADNESS,0.9285463094711304,Turkish
112737,Teoman,Gecenin Sonuna Yolculuk,0.24215678085405107,SADNESS,0.7520100474357605,Turkish
112738,Melek Mosso,Kızgınım,0.38793689090327443,SADNESS,0.7926746010780334,Turkish
112744,Moğollar,Dinleyiverin Gari,0.23026569293371793,ANGER,0.9098262190818788,Turkish
112745,Patron,Gör (Kovala Orijinal Film Müziği),0.1976534041794308,ANGER,0.9084015488624572,Turkish
112746,Gazi,Pembe Şeyler,0.41773312044937805,SADNESS,0.9908617734909058,Turkish
112748,Grup Yorum,Büyü,0.41007053438858637,ANGER,0.625948429107666,Turkish
112749,Barış Akarsu,Yaz Demedim,0.0830387506461007,SADNESS,0.5645972490310669,Turkish
112752,Ozbi,Bana Yol Söyle,0.2354868099000796,JOY,0.88289874792099,Turkish
112753,Sertab Erener,Sessiz Gemi,0.3419780127716596,SADNESS,0.4949555695056915,Turkish
112754,Şanışer,N.A.P.İ.M,0.4364930946514054,ANGER,0.8611035346984863,Turkish
112755,Orkundk,Marsa Gönder Beni Elon Musk,0.23937821821648658,SADNESS,0.7803399562835693,Turkish
112756,Barış Manço,Kol Düğmeleri,0.26889976864306,SADNESS,0.9729858040809632,Turkish
112757,​kidnoir (TUR),​​aleyna tilki,0.33627764156976314,ANGER,0.776573121547699,Turkish
112758,Sagopa Kajmer,Bu Böyledir (2021 Tek Edit),0.234339827411233,JOY,0.9167653918266296,Turkish
112760,Artz,Sizle Muhattabım,0.1779899339032065,FEAR,0.7046783566474915,Turkish
112761,Sertab Erener,Belki de Aşk Lazım Değildir,0.3560536153119801,JOY,0.6150439381599426,Turkish
112764,Allame,Işıklar,0.1279660584161197,FEAR,0.7492192387580872,Turkish
112766,Kaan Tangöze,Kıyamet,0.4664090025973072,ANGER,0.5938102602958679,Turkish
112767,Kalben,Kaybolmuş,0.2768217194371898,ANGER,0.9646021127700806,Turkish
112769,Ogün Sanlısoy,Bu Ne Biçim Aşk,0.056056569594665984,ANGER,0.5555212497711182,Turkish
112770,Tankurt Manas,Çene Kemiklerimi Kırdım,0.2195125538575166,SADNESS,0.6726229190826416,Turkish
112771,Tan Taşçı,Benim Gibi Olmayacak (Live),0.3692980309039754,SADNESS,0.990658164024353,Turkish
112772,Birkan Nasuhoğlu,Yollar Bitmez,0.37113759233796045,SADNESS,0.7971969246864319,Turkish
112774,Grünt,Grünt #1,0.4184094585335317,JOY,0.9925916194915771,Turkish
112775,Can Gox,Sorma,0.1275017338434722,SADNESS,0.79865962266922,Turkish
112776,Şehinşah,Dilemma x Kuytu,0.024716246641386413,SADNESS,0.993443727493286,Turkish
112778,Sagopa Kajmer,Sahibinin Sesi,0.17883732983019401,LOVE,0.8128105998039246,Turkish
112780,Redd,Tutmuyor Frenler,0.31729293903120187,ANGER,0.4923106431961059,Turkish
112781,Hande Yener,Şansın Bol Olsun,0.09247197262399898,SADNESS,0.9811459183692932,Turkish
112782,Şanışer,Şer’in Atlası,0.21322788018159075,JOY,0.997865617275238,Turkish
112783,163,Kedimle Aram,0.20127057901709952,SADNESS,0.940703511238098,Turkish
112785,Hayko Cepkin,Eller Aldı,0.2325897827436163,SADNESS,0.4904375076293945,Turkish
112786,Batuflex,Başka Yolu Yok,0.28437858754846723,SADNESS,0.8280383348464966,Turkish
112788,Beta Berk Bayındır,Pardon Aşkım,0.1335099022054182,ANGER,0.9903544187545776,Turkish
112789,Hayko Cepkin,Yarası Saklı,0.2190927057176418,FEAR,0.973120391368866,Turkish
112790,Sezen Aksu,Alâturka,0.3968720488203208,ANGER,0.9757030606269836,Turkish
112791,Onur Can Özcan,Bu Değildi,0.5251149153894153,JOY,0.5368133187294006,Turkish
112792,Sertab Erener,Uyu Yavrum Yine Sabah Oluyor,0.5072649950125632,JOY,0.9690915942192078,Turkish
112796,Erol Evgin,Aldım Başımı Gidiyorum,0.236597362329863,SADNESS,0.952099859714508,Turkish
112797,Motive,Bi Sıkıntı Yok,0.12541657900974312,JOY,0.6870571374893188,Turkish
112798,Saian,Al Sevgilim Anne Ol Bununla,0.20352064502910436,SURPRISE,0.9366836547851562,Turkish
112801,Aydilge,Kiralık Aşk (Sen misin İlacım),0.07743833678189072,JOY,0.6864373087882996,Turkish
112804,​rody dünyada,Add,0.40517779590563446,JOY,0.501946747303009,Turkish
112805,Özdemir Erdoğan,İkinci Bahar,0.5449877204114725,LOVE,0.5437139868736267,Turkish
112807,Artz,Düşünmemek (Remix),0.17977262880272615,ANGER,0.5482513904571533,Turkish
112808,J.R.R. Tolkien,The Hobbit (Bölüm 1 Beklenmedik Bir Parti) [Türkçe],0.3354494242639411,JOY,0.9464417695999146,Turkish
112810,Ravend,Yudumlarım,0.30700646462223835,SADNESS,0.99859219789505,Turkish
112811,Ahiyan,İstemem,0.2763079598249662,SADNESS,0.9981677532196044,Turkish
112812,Ayben,Başkan,0.03628485458311492,SADNESS,0.9909859895706176,Turkish
112817,Onur Can Özcan,Bu Mevsimde,0.3255311705727132,ANGER,0.9919712543487548,Turkish
112818,Cem Karaca,Kara Sevda,0.3767428574284586,ANGER,0.651334285736084,Turkish
112819,Çağrı Sinci,Kaçamadım,0.2082836960693535,SADNESS,0.8712888360023499,Turkish
112822,Yaşar,Esirinim,0.13276070969576537,ANGER,0.9909584522247314,Turkish
112823,Tepki,Üzgünüm Anne,0.2124282691977896,ANGER,0.8748785853385925,Turkish
112824,Hayki,Hiç Sevmedim Seni,0.3237842974933567,SADNESS,0.6123820543289185,Turkish
112826,Tarkan,Akşam Oldu Hüzünlendim Ben Yine,0.24668604255468188,LOVE,0.9879276156425476,Turkish
112830,Tan Taşçı,Söyleme (Live),0.14633400159598564,SADNESS,0.9285463094711304,Turkish
112833,Yıldız Tilbe,Yalnız Çiçek,0.3344972207239909,LOVE,0.4012712836265564,Turkish
112835,Hidra,Burası Dünya,0.1205100073052705,SADNESS,0.9829891324043274,Turkish
112837,Nilüfer,Of Aman Aman,0.20948411501956374,ANGER,0.9454864263534546,Turkish
112838,Allame,Tanınmayanlar,0.12446978683912552,JOY,0.3598587810993194,Turkish
112839,No.1,Hasta Olmak İçin,0.03351380307845514,JOY,0.9958032965660096,Turkish
112841,Tan Taşçı,Nasıl Seveceğim (Live),0.39290469766500535,JOY,0.5022666454315186,Turkish
112843,Kurban,İnsanlar,0.048091731012008004,ANGER,0.8517627716064453,Turkish
112844,Grup Gündoğarken,Gördüğüme Sevindim,0.39913404182200235,JOY,0.7825307250022888,Turkish
112847,İlhan İrem,Olanlar Olmuş,0.38365022046414066,JOY,0.6331069469451904,Turkish
112849,Teoman,Sardunyalar Arasında,0.11329024804589743,SADNESS,0.4533173739910126,Turkish
112850,Kıvılcım Ural,Aşk Laftan Anlamaz,0.3583548452991389,JOY,0.4503991603851318,Turkish
112854,İzel,Kıyamadım,0.4646813784295026,SADNESS,0.99737811088562,Turkish
112858,Maestro,Semt İşi,0.25598276838149264,ANGER,0.9868865609169006,Turkish
112859,Allame,İnsan,0.15493340277052314,SADNESS,0.980272889137268,Turkish
112860,Onur Uğur,Kafamın İçini Görsen Ne Güzel Olurdu,0.4179977265634243,SADNESS,0.752575695514679,Turkish
112861,Batu Akdeniz,Bir Sebebi Var,0.17581733826748736,FEAR,0.907774806022644,Turkish
112863,İmpala,KENDİMİ NASIL ESKİTTİM,0.15662465152313043,SADNESS,0.8885396718978882,Turkish
112865,Perdenin Ardındakiler,Yalnız Kalmışım,0.3998130182283644,ANGER,0.9660929441452026,Turkish
112866,Sokrat St,Zor Bir Gün,0.03602991451445692,SADNESS,0.9389100074768066,Turkish
112870,Sansar Salvo,Sigara Yanınca,0.1670796554932985,SADNESS,0.985281765460968,Turkish
112871,Teoman,Viski Ve Lazanya,0.32811350783088167,SADNESS,0.4088223576545715,Turkish
112873,Kayra,Olmadım Say,0.010114640298595101,SADNESS,0.9880868196487428,Turkish
112874,Redd,Hâlâ Aşk Var Mı,0.10005296546952952,ANGER,0.6899868845939636,Turkish
112877,Sagopa Kajmer,Dalgın,0.1581531827251616,SADNESS,0.8996342420578003,Turkish
112878,Allame,Deli Masalı,0.3344810212057925,JOY,0.9702044725418092,Turkish
112880,Cem Karaca,Üryan Geldim,0.3075183005730985,LOVE,0.4920436441898346,Turkish
112881,Finny Music,​​rockstar (Megamix),0.04601063532548208,JOY,0.941289484500885,Turkish
112882,101Barz,Megasessie - Beats by Esko,0.24588795188586307,LOVE,0.8136227130889893,Turkish
112883,Volkan Konak,Feriğim,0.19930670234072329,SADNESS,0.9884008169174194,Turkish
112884,Zeki Müren,Bir Gülü Sevdim,0.39773401483902016,FEAR,0.9621383547782898,Turkish
112886,Tan Taşçı,Kusura Bakma (Live),0.2546597201367502,SADNESS,0.9263481497764589,Turkish
112889,AchtVier,Intro (Der alte Achti Vol. 3),0.0373840272336001,ANGER,0.6582814455032349,Turkish
112891,Nesrin Sipahi,Arım Balım Peteğim,0.36374186101895445,SADNESS,0.9538841843605042,Turkish
112892,Emel Sayın,At Kadehi Elinden,0.3584124704380688,SADNESS,0.946871817111969,Turkish
112893,Oğuz Atay,Dün Bugün Yarın (Tutunamayanlar),0.17300604637933145,JOY,0.4817706644535064,Turkish
112895,Rashness,Mum,0.2615471438729586,ANGER,0.991756558418274,Turkish
112896,Animus,Kanaken Freestyle,0.15962197855056284,JOY,0.7800544500350952,Turkish
112897,Ceg,Skimde Değil,0.11469268285755507,SADNESS,0.9061844944953918,Turkish
112898,Ajda Pekkan,Eline Gözüne Dizine Dursun,0.1271545518540913,ANGER,0.9976794123649596,Turkish
112899,Stabil,Rüya & Gerçek,0.39454576480984077,SADNESS,0.982632040977478,Turkish
112902,Şam,İHTİRAS,0.23295126930473042,SADNESS,0.9909303784370422,Turkish
112905,Şam,PARASIZ İNSAN ÇÖPLÜĞÜ,0.1447839403652484,SADNESS,0.932200253009796,Turkish
112908,Son Feci Bisiklet,Müptezel,0.2649926962201082,SADNESS,0.995417594909668,Turkish
112910,Kum,Adam,0.23206551152847496,SADNESS,0.996760904788971,Turkish
112911,Ben Fero,Sıkı Dur,0.27508972480168775,JOY,0.7417178153991699,Turkish
112912,Özgün,Bu kadar mi zor,0.2114171514918132,LOVE,0.9127491116523744,Turkish
112917,Göksel,Karar Verdim,0.20318831819892366,ANGER,0.9815688133239746,Turkish
112918,Evrencan Gündüz,Benimle Evlensen,0.38799610474531215,LOVE,0.6942257285118103,Turkish
112922,Büyük Ev Ablukada,Tayyar Ahmet’in Sonsuz Sayılı Günleri,0.2524140996226375,FEAR,0.7599390149116516,Turkish
112923,Ferdi Özbeğen,Yok Yok Yalan Deme,0.2807237527136127,LOVE,0.8802590370178223,Turkish
112924,Sagopa Kajmer,Bulun,0.26095947765176913,SADNESS,0.463746577501297,Turkish
112925,Çilekeş,Siyah,0.1631995095096729,SADNESS,0.998583436012268,Turkish
112926,Şanışer,Aşılmaz Yollar,0.18292579495822064,SADNESS,0.95037579536438,Turkish
112927,Gaye Su Akyol,Yıllar Yılan,0.30105111980823956,SADNESS,0.9848639369010924,Turkish
112928,Nazan Öncel,Bu Havada Gidilmez,0.30415826846652827,SADNESS,0.6324250102043152,Turkish
112929,Anıl Piyancı,İnan İsterdim,0.10537291540851387,JOY,0.9982831478118896,Turkish
112930,Cem Adrian,Herkes Gider Mi (Live),0.6049799298735158,SADNESS,0.862551748752594,Turkish
112933,Kaçak (TUR),Ölünür De,0.15060588672401493,SADNESS,0.9702657461166382,Turkish
112935,Poizi,DOLDURDUM TABANCAMI,0.18715380965068817,ANGER,0.6464064121246338,Turkish
112936,Yaşlı Amca,İstasyon,0.1789167543982509,ANGER,0.9977444410324096,Turkish
112938,Kid X,Se7en,0.3858744762813823,JOY,0.91547828912735,Turkish
112939,Candan Erçetin,Hayranım Sana,0.2783067376100203,ANGER,0.9841639399528505,Turkish
112940,Sagopa Kajmer,Kendim İçin (2021 Tek Edit),0.27476678423447876,ANGER,0.983975112438202,Turkish
112943,Pickpocket,Ne Farkeder,0.11903161630525042,SADNESS,0.5283783674240112,Turkish
112945,Richard Francis Burton,"Arabian Nights, Vol. 2 (Chap. 3)",0.4579627914578165,ANGER,0.9966256618499756,Turkish
112946,Malt,Motor,0.04453279174594971,FEAR,0.603775143623352,Turkish
112948,Zeki Müren,Gözlerin Doğuyor Gecelerime,0.38845656347923574,SADNESS,0.6461772918701172,Turkish
112950,Barış Manço,Kol Düğmeleri,0.6227975419278833,SADNESS,0.9729858040809632,Turkish
112955,Fettah Can,Duvar,0.14236283623505244,SADNESS,0.8142777681350708,Turkish
112956,Ati242,Şöhret,0.1989521496146755,ANGER,0.607042670249939,Turkish
112957,5 Adım,Kara Dilber,0.3962052798728216,ANGER,0.9950249791145324,Turkish
112958,Allame,Varsayım,0.1205127506520427,FEAR,0.5442379117012024,Turkish
112959,Yaşlı Amca,Evleniyor,0.4116311901058731,LOVE,0.4720966517925262,Turkish
112961,Duman,Bu Aşk Beni Yorar,0.3578885692332989,SADNESS,0.9254947900772096,Turkish
112962,Badem,Bir Ben Gibi Sev,0.18132256301649075,SADNESS,0.9357659220695496,Turkish
112963,Ati242,Düşledim,0.36506245145841965,JOY,0.5013256669044495,Turkish
112966,Kutay Uçar,Özlemiş Gibisin Sen De,0.5646884780490189,SADNESS,0.9972317814826964,Turkish
112967,Ahiyan,Deli Diyorlar,0.2818025343728846,ANGER,0.9969483017921448,Turkish
112970,Şebnem Ferah,İyi - Kötü (Dans Pisti),0.2805225741491813,ANGER,0.9972810745239258,Turkish
112971,Vera (TUR),Güzel Bir Kadın,0.0549380323494188,SADNESS,0.973637580871582,Turkish
112973,Candan Erçetin,Yaşıyorum,0.18783347400647168,JOY,0.934141218662262,Turkish
112974,Bağzıları,Leyla,0.24582359989528857,JOY,0.9978669285774232,Turkish
112975,Sagopa Kajmer,Durdur Beni,0.15150837447515997,SADNESS,0.996774971485138,Turkish
112976,Hidra,Yarılamışım,0.10429141642812573,SADNESS,0.9893803596496582,Turkish
112977,Sinan Akçıl,İyi Değilim,0.21111651980523932,SADNESS,0.5759137868881226,Turkish
112979,Orkundk,Bir Boş Evim Yok,0.3220457416761111,FEAR,0.8190333247184753,Turkish
112981,Hayko Cepkin,İçgüdü,0.21976866267375275,SADNESS,0.9542170763015748,Turkish
112983,Contra,Flowlarım Çok Zengin,0.13523422765471105,JOY,0.9946961402893066,Turkish
112984,Levent Yüksel,Bu Aşkın Katili Sensin,0.1438302803117021,SADNESS,0.9362940788269044,Turkish
112986,Dolu Kadehi Ters Tut,Aldattın Mı,0.27981670645575674,ANGER,0.9610271453857422,Turkish
112987,Cem Karaca,Hep Kahır,0.333218591099614,ANGER,0.7526170611381531,Turkish
112988,Cemiyette Pişiyorum,Supradin,0.09171767980288731,SADNESS,0.9882959723472596,Turkish
112989,Adamlar,Bizim Zamanımız,0.1786205988972374,ANGER,0.8671026825904846,Turkish
112990,Stabil,Bana Söyle,0.28471881080465467,JOY,0.9877840876579284,Turkish
112991,Batuhan Kordel,İtiraf,0.4916087668110498,SADNESS,0.6555700302124023,Turkish
112992,Adamlar,Kendime Çaylar,0.2715392669209734,JOY,0.77629154920578,Turkish
112993,Richard Francis Burton,"Arabian Nights, Vol. 3 (Chap. 1.001)",0.3179600700034735,ANGER,0.5727459192276001,Turkish
112994,Ayla Dikmen,Alyanaklım,0.3293798725391734,JOY,0.9977760910987854,Turkish
112995,Ebru Yaşar,Öldüm Sahiden,0.2582358506811887,SADNESS,0.969813346862793,Turkish
112997,Melike Şahin,Uykumun Boynunu Bükme (Live at Bostancı Gösteri Merkezi),0.24348321064010314,ANGER,0.9968515038490297,Turkish
112998,Hayko Cepkin,Geç Kaldım (Akustik),0.3622520546615057,SADNESS,0.995487630367279,Turkish
1259,Jor’dan Armstrong,SHE,0.14137313173387042,ANGER,0.455893874168396,Turkish
2160,Duman,Her Şeyi Yak,0.2988849429407591,SADNESS,0.8356033563613892,Turkish
23294,Hadise,Melek,0.11716595055640905,JOY,0.8924366235733032,Turkish
23340,Buray,Senin Yüzünden,0.07262744020267597,SADNESS,0.465368777513504,Turkish
23435,SoLonely,​confused,0.28387513387548735,SADNESS,0.993425726890564,Turkish
23509,Hadise,Küçük Bir Yol,0.18427135764460312,JOY,0.3464306890964508,Turkish
23544,Hadise,Şampiyon (Gürcell Remix),0.18001941492652163,FEAR,0.8435786962509155,Turkish
23606,Buray,İstersen,0.11857025037800475,SADNESS,0.9935240745544434,Turkish
23666,Hadise,Yaz Günü,0.15452083310286996,ANGER,0.432439923286438,Turkish
23752,Angela Carter,The Lady of the House of Love,0.4293910437089918,ANGER,0.7703831195831299,Turkish
23851,Buray,Deli Kız,0.1135331002534625,SADNESS,0.6507691144943237,Turkish
23950,Emrah Karaduman,Cevapsız Çınlama,0.02429117753016885,SADNESS,0.9922292828559875,Turkish
23952,Hadise,Sıfır Tolerans,0.0811306712563093,ANGER,0.9933850169181824,Turkish
23954,Bali Baby,Game Over,0.3791191867073377,ANGER,0.8882431983947754,Turkish
2472,Flört,Bir Tek Sen Gelmedin,0.13656872881001736,JOY,0.955233871936798,Turkish
2625,Ne Jupiter,Gökyüzüm Siyah Olsa Da,0.2843269848717534,FEAR,0.9936422109603882,Turkish
2769,Birileri,...aynı yer,0.2719672463598995,JOY,0.9518194794654846,Turkish
2816,Büyük Ev Ablukada,BENİM KAFAM SİKTİRMİŞ GİTMİŞ,0.11947812377066741,ANGER,0.9893869161605836,Turkish
2910,Gece,22,0.19285601580360223,JOY,0.465487390756607,Turkish
2926,Yaşlı Amca,Sanki Yapamadım,0.21759103286827375,SADNESS,0.8234971165657043,Turkish
2929,Yüzyüzeyken Konuşuruz,Kendi Evimde Deplasmandayım,0.16936453399851015,SADNESS,0.9608378410339355,Turkish
2965,seco (TUR),ANNE YAŞLANDIĞIMI HİSSEDİYORUM,0.21008349946413912,ANGER,0.6069305539131165,Turkish
2970,Gece,Derbeder,0.14976967382666498,SADNESS,0.9950942993164062,Turkish
2973,Batu Akdeniz,Ona Gitme,0.17167985823665033,SADNESS,0.9045012593269348,Turkish
30784,Louis Aragon,"Arma virumque cano, préface",0.2395777994504085,FEAR,0.7824645638465881,Turkish
3315,Duman,Her Şeyi Yak,0.2988849429407591,SADNESS,0.8356033563613892,Turkish
34637,Vio,Yükseklere,0.1628550856112585,ANGER,0.9951853156089784,Turkish
34729,Zeki Müren,Seni Sordum Yıldızlara,0.3791496231875713,ANGER,0.5368419289588928,Turkish
34986,Ezginin Günlüğü,Zerdaliler,0.4872169960255941,ANGER,0.7534574270248413,Turkish
34995,No.1,Das Ist No.1,0.3228082273392747,SADNESS,0.6781843900680542,Turkish
36564,Soolking,Meleğim,0.13749043637373107,JOY,0.6526560187339783,Turkish
3724,Flört,Bir Tek Sen Gelmedin,0.13656872881001736,JOY,0.955233871936798,Turkish
39172,MERO,Konum Gizli,0.1464859226405259,JOY,0.981212079524994,Turkish
41238,She Past Away,Gerçekten Özleyince,0.09318184965243465,JOY,0.9725440740585328,Turkish
41987,She Past Away,Kuruyordu Nehir,0.14051079710297312,SADNESS,0.8504965901374817,Turkish
43706,DJ Tarkan,Oldu Olanlar,0.3368804397470304,SADNESS,0.8992329835891724,Turkish
62246,Sertab Erener,Dandini Dandini Dastana,0.5081057714900845,ANGER,0.3828654885292053,Turkish
62345,Ezginin Günlüğü,Zerdaliler,0.4872169960255941,ANGER,0.7534574270248413,Turkish
62346,İlhan İrem,Yemyeşil Bir Deniz,0.2895868658258164,JOY,0.476082295179367,Turkish
62349,Sertab Erener,Fış Fış Kayıkçı,0.531716910180217,JOY,0.9973301887512208,Turkish
62395,Ayten Alpman,Ben Böyleyim,0.35303070925007557,ANGER,0.9974331259727478,Turkish
62448,Leman Sam,Ayrılığa Dayanamam,0.35458652323086387,SADNESS,0.9838639497756958,Turkish
62490,Levent Yüksel,Bi’ Daha,0.4239517054715055,SADNESS,0.3574150502681732,Turkish
62493,Sertab Erener,Dandini Dandini Dastana,0.5081057714900845,ANGER,0.3828654885292053,Turkish
62496,İlhan İrem,Konuşamıyorum (Sazlıklardan Havalanan),0.29217069431978276,FEAR,0.996815025806427,Turkish
62540,Yeni Türkü,Maskeli Balo,0.3305320483157708,SADNESS,0.8894323110580444,Turkish
62541,İlhan İrem,Yazık Oldu Yarınlara,0.3040233161436417,SADNESS,0.993062436580658,Turkish
62547,Sertab Erener,Benim Annem Güzel Annem,0.4748584047554262,LOVE,0.8601500988006592,Turkish
62576,MFÖ (TUR),Bu Sabah Yağmur Var İstanbul’da,0.45913426995427786,JOY,0.9173067808151244,Turkish
62585,Tanju Okan,Dostlarım,0.2995636854421722,SADNESS,0.9104444980621338,Turkish
62599,Levent Yüksel,Aşk Mümkün Müdür Hala,0.20893165066868602,JOY,0.9295424818992616,Turkish
62645,Leman Sam,İlla,0.2622027578798924,LOVE,0.87774258852005,Turkish
62648,Nazan Öncel,Erkekler de yanar,0.10014196605163245,ANGER,0.9877229928970336,Turkish
62695,Gazi,Pembe Şeyler,0.41773312044937805,SADNESS,0.9908617734909058,Turkish
62739,Nazan Öncel,Beyoğlu,0.12558314502648182,JOY,0.6277749538421631,Turkish
62744,Sertab Erener,Çamlıbel’den Çıktım Yayan,0.4942492550412703,ANGER,0.6051978468894958,Turkish
62746,Grup Gündoğarken,Gördüğüme Sevindim,0.39913404182200235,JOY,0.7825307250022888,Turkish
62747,Sertab Erener,Uyusun Da Büyüsün,0.504825931566542,LOVE,0.9153034687042236,Turkish
62778,Özdemir Erdoğan,İkinci Bahar,0.5449877204114725,LOVE,0.5437139868736267,Turkish
62792,Sertab Erener,Aç Sesini,0.20971248051763525,ANGER,0.6984103322029114,Turkish
62795,Sertab Erener,Fış Fış Kayıkçı,0.531716910180217,JOY,0.9973301887512208,Turkish
62797,İlhan İrem,Olanlar Olmuş,0.38365022046414066,JOY,0.6331069469451904,Turkish
62799,Sertab Erener,Uyu Yavrum Yine Sabah Oluyor,0.5072649950125632,JOY,0.9690915942192078,Turkish
62833,Sertab Erener,Sessiz Gemi,0.3419780127716596,SADNESS,0.4949555695056915,Turkish
62843,Sertab Erener,Belki de Aşk Lazım Değildir,0.3560536153119801,JOY,0.6150439381599426,Turkish
62847,Levent Yüksel,Bu Aşkın Katili Sensin,0.1438302803117021,SADNESS,0.9362940788269044,Turkish
62874,Nükhet Duru,Seninle,0.21146187539696662,SADNESS,0.9979128241539,Turkish
62895,Grup Gündoğarken,Gördüğüme Sevindim,0.39758732502335936,JOY,0.7825307250022888,Turkish
63092,Zeki Müren,Seni Sordum Yıldızlara,0.3791496231875713,ANGER,0.5368419289588928,Turkish
63094,Hüsnü Arkan,Öyle Bir Rüya,0.32958594936938623,SADNESS,0.961372435092926,Turkish
63141,Ezginin Günlüğü,Zerdaliler,0.4872169960255941,ANGER,0.7534574270248413,Turkish
63142,İlhan İrem,Yemyeşil Bir Deniz,0.2895868658258164,JOY,0.476082295179367,Turkish
63143,Leman Sam,Ayrılığa Dayanamam,0.35458652323086387,SADNESS,0.9838639497756958,Turkish
63172,Birsen Tezer,Kadın,0.3792920971566326,FEAR,0.8367798328399658,Turkish
63178,Peyk,Gidin,0.2529564946023139,SADNESS,0.9984851479530334,Turkish
63189,Yeni Türkü,Maskeli Balo,0.3305320483157708,SADNESS,0.8894323110580444,Turkish
63190,Ayten Alpman,Ben Böyleyim,0.35303070925007557,ANGER,0.9974331259727478,Turkish
63192,Genius Türkiye,Temmuz 2021 Tekli Yayınlama Takvimi,0.38795710585405746,SADNESS,0.4843314886093139,Turkish
63195,İlhan İrem,Konuşamıyorum (Sazlıklardan Havalanan),0.29217069431978276,FEAR,0.996815025806427,Turkish
63196,Müzeyyen Senar,Akşam oldu hüzünlendim ben yine,0.4224739752998402,LOVE,0.9906399250030518,Turkish
63229,Tanju Okan,Dostlarım,0.2995636854421722,SADNESS,0.9104444980621338,Turkish
63230,MFÖ (TUR),Bu Sabah Yağmur Var İstanbul’da,0.45913426995427786,JOY,0.9173067808151244,Turkish
63238,İlhan İrem,Yazık Oldu Yarınlara,0.3040233161436417,SADNESS,0.993062436580658,Turkish
63239,Moğollar,Çaya Kaç Şeker,0.3052298495920549,JOY,0.9758283495903016,Turkish
63242,Zeki Müren,Gökyüzünde Yalnız Gezen Yıldızlar,0.40723910978342287,SADNESS,0.9645896553993224,Turkish
63292,Leman Sam,İlla,0.2622027578798924,LOVE,0.87774258852005,Turkish
63295,Moğollar,Dinleyiverin Gari,0.23026569293371793,ANGER,0.9098262190818788,Turkish
63298,Müzeyyen Senar,Benzemez Kimse Sana,0.35726859155597174,SADNESS,0.9967716336250304,Turkish
63333,Evrencan Gündüz,Benimle Evlensen,0.38799610474531215,LOVE,0.6942257285118103,Turkish
63347,Müzeyyen Senar,Gündüzüm Seninle,0.5402151139113465,SADNESS,0.9834499955177308,Turkish
63349,İlhan İrem,Olanlar Olmuş,0.38365022046414066,JOY,0.6331069469451904,Turkish
63374,Özdemir Erdoğan,İkinci Bahar,0.5449877204114725,LOVE,0.5437139868736267,Turkish
63377,Gaye Su Akyol,Yıllar Yılan,0.30105111980823956,SADNESS,0.9848639369010924,Turkish
63393,Zeki Müren,Beklenen Şarkı,0.24769548756041396,ANGER,0.9886476397514344,Turkish
63428,Richard Francis Burton,"Arabian Nights, Vol. 8 (Chap. 5)",0.24071370699823613,ANGER,0.8136433959007263,Turkish
63447,Zeki Müren,Bir Gülü Sevdim,0.39773401483902016,FEAR,0.9621383547782898,Turkish
63448,Zeki Müren,Gözlerin Doğuyor Gecelerime,0.38845656347923574,SADNESS,0.6461772918701172,Turkish
63449,101Barz,Megasessie - Beats by Esko,0.24588795188586307,LOVE,0.8136227130889893,Turkish
63485,Hümeyra,Sessiz Gemi,0.353219050316234,SADNESS,0.4949555695056915,Turkish
63490,Orkundk,Bir Boş Evim Yok,0.3220457416761111,FEAR,0.8190333247184753,Turkish
63491,Zülfü Livaneli,Kan Çiçekleri,0.2374395766385677,SADNESS,0.9648160934448242,Turkish
6350,Батюшка (Batushka),Ектения I Очищение (Yekteniya I),0.2643949882143394,JOY,0.9594070315361024,Turkish
63519,Bülent Ortaçgil,Çoktular Ama Hiç Yoktular,0.39575460935846696,SADNESS,0.967309296131134,Turkish
63521,Düş sokağı sakinleri,Ayrılık,0.45563526071531657,SURPRISE,0.9264069199562072,Turkish
63569,Bülent Ortaçgil,Değirmenler,0.4627396853826392,SADNESS,0.9968528151512146,Turkish
63590,Ajda Pekkan,Sevdalı Başım,0.2848675677969897,SADNESS,0.6886597871780396,Turkish
63591,Yasemin Mori,Konuşmak,0.235101187484924,SADNESS,0.9510798454284668,Turkish
63593,Zülfü Livaneli,Böyledir Bizim Sevdamız,0.42926206246377563,ANGER,0.9952664375305176,Turkish
63594,Yaşar Kurt,Dokuz Altı Yolları,0.31596930317464395,LOVE,0.364290714263916,Turkish
63596,Yeni Türkü,Deliler,0.3557642649167627,FEAR,0.8768190145492554,Turkish
63597,Ceza,İt Dalaşı,0.37961902736081865,JOY,0.5905441641807556,Turkish
63636,Yeni Türkü,Destina,0.500541703872668,SADNESS,0.5946901440620422,Turkish
63644,Zeki Müren,Bir Yangının Külünü Yeniden Yakıp Geçtin,0.3540053312997674,SADNESS,0.9958213567733764,Turkish
63648,İlhan İrem,İşte Hayat (Sensiz de Yaşanıyor),0.19585478860321248,SADNESS,0.9628791809082032,Turkish
63649,S.U.R (TUR),5 Karat,0.4605606323936576,FEAR,0.9594841599464417,Turkish
63678,Peyk,Piç,0.17296798826189594,SADNESS,0.996020495891571,Turkish
63690,Yavuz Çetin,Bul Beni,0.13892387821097016,FEAR,0.7123456597328186,Turkish
63693,Evrencan Gündüz,Yeni Bir Şarkı,0.3823954953187103,LOVE,0.9776173830032348,Turkish
63696,Zeki Müren,Ne Olursun,0.32656967826839334,JOY,0.9682596921920776,Turkish
63698,J.R.R. Tolkien,The Hobbit (Bölüm 1 Beklenmedik Bir Parti) [Türkçe],0.3767672604496219,JOY,0.9464417695999146,Turkish
63735,Ceylan Ertem,Ütopyalar Güzeldir,0.4698117414791013,JOY,0.3709375560283661,Turkish
63748,İlhan İrem,Sen Bilirsin,0.21298735749541242,LOVE,0.8081371188163757,Turkish
63749,Müzeyyen Senar,Agora Meyhanesi,0.35578849634410187,LOVE,0.525120735168457,Turkish
63775,MFÖ (TUR),Ruh Halim Yerlerde,0.1838755578786298,FEAR,0.5585842728614807,Turkish
63794,101Barz,Megasessie - Beats by Esko,0.41623699086602195,LOVE,0.8136227130889893,Turkish
63796,Yeni Türkü,Gözlerin,0.33521631735110646,FEAR,0.6552387475967407,Turkish
63799,Zeki Müren,Mihrabım Diyerek,0.37360105748192185,LOVE,0.814740777015686,Turkish
63839,Gaye Su Akyol,İstersen Hiç Başlamasın (Yeni Türkü Zamansız),0.3986712625708819,SADNESS,0.9976376295089722,Turkish
63848,Zeki Müren,Ben Zeki Müren,0.3278166493164531,JOY,0.5904089212417603,Turkish
63879,Gaye Su Akyol,Abbas,0.4004172438879206,LOVE,0.5526289343833923,Turkish
63885,Ezginin Günlüğü,Düşler Sokağı,0.21328638355762142,ANGER,0.3944994807243347,Turkish
63886,Birsen Tezer,Nefes,0.4919360651369062,SADNESS,0.9980613589286804,Turkish
63892,Ceylan Ertem,Bugünüm Sensiz Geçti,0.43687042821609146,SADNESS,0.9592783451080322,Turkish
63894,Zeki Müren,Akşam Olunca Yarelerim Sızlar,0.4216315044118657,LOVE,0.9881139397621156,Turkish
63895,Düş sokağı sakinleri,Kan Revan İçindeyim,0.3850324775998182,LOVE,0.3995451629161834,Turkish
63898,Zeki Müren,Seviyorum İşte Var Mı Diyeceğin,0.3932779771896209,JOY,0.7149307727813721,Turkish
63899,Müzeyyen Senar,Sigaramın Dumanı,0.41848502778036567,SADNESS,0.7089203000068665,Turkish
63905,MFÖ (TUR),Bu Aşk Olur Mu,0.15188411657559298,SADNESS,0.9857139587402344,Turkish
63926,Bulutsuzluk Özlemi,Ankara Sokakları,0.4132773207669172,SADNESS,0.9962683320045472,Turkish
63929,Zeki Müren,Biz Ayrılamayız,0.388743094324326,JOY,0.3317448794841766,Turkish
63949,Khiladi,Sukoon,0.3077492947866646,JOY,0.9676746726036072,Turkish
64511,Hüsnü Arkan,Öyle Bir Rüya,0.32958594936938623,SADNESS,0.961372435092926,Turkish
64578,Sertab Erener,Dandini Dandini Dastana,0.5081057714900845,ANGER,0.3828654885292053,Turkish
64656,Zeki Müren,Seni Sordum Yıldızlara,0.3791496231875713,ANGER,0.5368419289588928,Turkish
64662,İlhan İrem,Yemyeşil Bir Deniz,0.2895868658258164,JOY,0.476082295179367,Turkish
64678,Sertab Erener,Fış Fış Kayıkçı,0.531716910180217,JOY,0.9973301887512208,Turkish
64724,Birsen Tezer,Kadın,0.3792920971566326,FEAR,0.8367798328399658,Turkish
64731,Ezginin Günlüğü,Zerdaliler,0.4872169960255941,ANGER,0.7534574270248413,Turkish
64733,Ayten Alpman,Ben Böyleyim,0.35303070925007557,ANGER,0.9974331259727478,Turkish
64737,Leman Sam,Ayrılığa Dayanamam,0.35458652323086387,SADNESS,0.9838639497756958,Turkish
64764,Peyk,Gidin,0.2529564946023139,SADNESS,0.9984851479530334,Turkish
64769,Genius Türkçe Çeviriler,Alain Souchon - Ultra moderne solitude (Türkçe çeviri by Levent Pamukcu),0.4239517054715055,FEAR,0.5437827110290527,Turkish
64773,Yeni Türkü,Maskeli Balo,0.3305320483157708,SADNESS,0.8894323110580444,Turkish
64774,Sertab Erener,Dandini Dandini Dastana,0.5081057714900845,ANGER,0.3828654885292053,Turkish
64775,Genius Türkiye,Temmuz 2021 Tekli Yayınlama Takvimi,0.38795710585405746,SADNESS,0.4843314886093139,Turkish
64778,İlhan İrem,Konuşamıyorum (Sazlıklardan Havalanan),0.29217069431978276,FEAR,0.996815025806427,Turkish
64779,Müzeyyen Senar,Akşam oldu hüzünlendim ben yine,0.4224739752998402,LOVE,0.9906399250030518,Turkish
64816,Tanju Okan,Dostlarım,0.2995636854421722,SADNESS,0.9104444980621338,Turkish
64819,MFÖ (TUR),Bu Sabah Yağmur Var İstanbul’da,0.45913426995427786,JOY,0.9173067808151244,Turkish
64824,Zeki Müren,Gökyüzünde Yalnız Gezen Yıldızlar,0.40723910978342287,SADNESS,0.9645896553993224,Turkish
64828,İlhan İrem,Yazık Oldu Yarınlara,0.3040233161436417,SADNESS,0.993062436580658,Turkish
64834,Leman Sam,İlla,0.2622027578798924,LOVE,0.87774258852005,Turkish
64835,Levent Yüksel,Aşk Mümkün Müdür Hala,0.20893165066868602,JOY,0.9295424818992616,Turkish
64843,Sertab Erener,Benim Annem Güzel Annem,0.4748584047554262,LOVE,0.8601500988006592,Turkish
64847,Nazan Öncel,Erkekler de yanar,0.10014196605163245,ANGER,0.9877229928970336,Turkish
64864,Moğollar,Çaya Kaç Şeker,0.3052298495920549,JOY,0.9758283495903016,Turkish
64870,Nazan Öncel,Beyoğlu,0.12558314502648182,JOY,0.6277749538421631,Turkish
64878,Moğollar,Dinleyiverin Gari,0.23026569293371793,ANGER,0.9098262190818788,Turkish
64879,Grup Gündoğarken,Gördüğüme Sevindim,0.39913404182200235,JOY,0.7825307250022888,Turkish
64881,Gazi,Pembe Şeyler,0.41773312044937805,SADNESS,0.9908617734909058,Turkish
64884,Müzeyyen Senar,Benzemez Kimse Sana,0.35726859155597174,SADNESS,0.9967716336250304,Turkish
64913,Evrencan Gündüz,Benimle Evlensen,0.38799610474531215,LOVE,0.6942257285118103,Turkish
64923,Sertab Erener,Aç Sesini,0.20971248051763525,ANGER,0.6984103322029114,Turkish
64928,Sertab Erener,Çamlıbel’den Çıktım Yayan,0.4942492550412703,ANGER,0.6051978468894958,Turkish
64929,Sertab Erener,Fış Fış Kayıkçı,0.531716910180217,JOY,0.9973301887512208,Turkish
64930,Müzeyyen Senar,Gündüzüm Seninle,0.5402151139113465,SADNESS,0.9834499955177308,Turkish
64931,İlhan İrem,Olanlar Olmuş,0.38365022046414066,JOY,0.6331069469451904,Turkish
64934,Sertab Erener,Uyusun Da Büyüsün,0.504825931566542,LOVE,0.9153034687042236,Turkish
64942,Sertab Erener,Uyu Yavrum Yine Sabah Oluyor,0.5072649950125632,JOY,0.9690915942192078,Turkish
64966,Sertab Erener,Sessiz Gemi,0.3419780127716596,SADNESS,0.4949555695056915,Turkish
64969,Gaye Su Akyol,Yıllar Yılan,0.30105111980823956,SADNESS,0.9848639369010924,Turkish
64978,Levent Yüksel,Bu Aşkın Katili Sensin,0.1438302803117021,SADNESS,0.9362940788269044,Turkish
64981,Sertab Erener,Belki de Aşk Lazım Değildir,0.3560536153119801,JOY,0.6150439381599426,Turkish
71538,DEHA INC.,Baskın,0.08324605500094348,JOY,0.5778186917304993,Turkish
71880,Malt,Gol,0.08007017177630565,ANGER,0.9658023715019226,Turkish
71985,Pentagram (TUR),Doğmadan Önce,0.12737624838261175,ANGER,0.8788160681724548,Turkish
71986,Malt,Aşkın Gözü,0.09603471908237013,ANGER,0.481885552406311,Turkish
79432,Fazıl Say,Yiğidim Aslanım Burda Yatıyor,0.5229294581242923,SADNESS,0.5520475506782532,Turkish
81604,Pratsofficial,Aziyat,0.36822629638031545,JOY,0.987823247909546,Turkish
84128,Flört,Bir Tek Sen Gelmedin,0.13656872881001736,JOY,0.955233871936798,Turkish
84178,Cem Karaca,Çökertme,0.246957594878094,SADNESS,0.9298498630523682,Turkish
84219,Mavi Işıklar,Sevgilim,0.46346040595416677,LOVE,0.993822455406189,Turkish
84244,Kamuran Akkor,Beni Kaybettin Artık,0.2591673693667016,SADNESS,0.9881658554077148,Turkish
84252,Barış Manço,Kol Düğmeleri,0.6227975419278833,SADNESS,0.9729858040809632,Turkish
84263,Barış Manço,Kol Düğmeleri,0.26889976864306,SADNESS,0.9729858040809632,Turkish
84284,Cem Karaca,Kara Sevda,0.3767428574284586,ANGER,0.651334285736084,Turkish
84286,Cem Karaca,Üryan Geldim,0.3075183005730985,LOVE,0.4920436441898346,Turkish
84294,Cem Karaca,Hep Kahır,0.333218591099614,ANGER,0.7526170611381531,Turkish
84297,Animus,Kanaken Freestyle,0.15962197855056284,JOY,0.7800544500350952,Turkish
84308,Barış Manço,Ayrılık,0.4696994866597139,SADNESS,0.6796119809150696,Turkish
84316,Selda Bağcan,Yuh Yuh,0.11455489950430989,ANGER,0.7844085097312927,Turkish
84330,Cem Karaca,Sakın Reddetme,0.49911620157363956,ANGER,0.5383713245391846,Turkish
84342,Barış Manço,Söyle Zalim Sultan,0.28845924683563134,ANGER,0.9740240573883056,Turkish
84345,Flört,Dün TRT’de İzledim,0.10255273305624849,JOY,0.6118873357772827,Turkish
84361,Cem Karaca,Lümüne,0.6041016807603978,SADNESS,0.3547089397907257,Turkish
84362,Barış Manço,Cacık,0.45025721532578594,ANGER,0.6819509863853455,Turkish
84370,Barış Manço,Bahçede Hanımeli,0.64701275022728,JOY,0.4556481838226318,Turkish
84372,Scorpion Gang,Champions Leak - Summer Cem’s Scorpion Bars (Vol. 3),0.25686557691257983,ANGER,0.9964800477027892,Turkish
84375,Selda Bağcan,Zam Zam,0.4374892161980215,SADNESS,0.5634170174598694,Turkish
84385,Cem Karaca,Herkes Gibisin,0.37822807839969147,SADNESS,0.9960759282112122,Turkish
84386,Barış Manço,Kazma,0.3049834453916457,JOY,0.9972188472747804,Turkish
84387,Barış Manço,Yolla Yarim Tez Yolla,0.24251055941633723,LOVE,0.9897059202194214,Turkish
84389,Flört,Cemiyette Pişiyoruz,0.13875897727106243,JOY,0.6803861856460571,Turkish
84393,Scorpion Gang,Champions Leak - Summer Cem’s Scorpion Bars (Vol. 3),0.5732569264853653,ANGER,0.9964800477027892,Turkish
84395,Animus,Kanaken Freestyle,0.3490664644547815,JOY,0.7800544500350952,Turkish
84396,Flört,Sevmez Olaydım,0.059694124966397116,LOVE,0.7093027234077454,Turkish
84420,Cem Karaca,Ölüm,0.12322673646473722,ANGER,0.4965897798538208,Turkish
84424,Barış Manço,Gül Bebeğim,0.33579398498230006,ANGER,0.8255520462989807,Turkish
84429,Scorpion Gang,Champions Leak - Summer Cem’s Scorpion Bars (Vol. 3),0.5196821092155754,ANGER,0.9964800477027892,Turkish
84443,Cem Karaca,Canım Benim,0.28920089232742285,JOY,0.6517272591590881,Turkish
84481,Flört,Kolay Mı Sanki,0.13842936779109774,SADNESS,0.9946632385253906,Turkish
84488,Sâhir a.k.a. Order,Kadavra Kadar,0.2132755639812803,ANGER,0.8844916224479675,Turkish
84490,Doğu Bosphorus,Kendimi Bulamam,0.39098903497194226,SADNESS,0.9979466795921326,Turkish
84492,Bassi Maestro,Cosa Succede!,0.19580706103727313,JOY,0.9972965121269226,Turkish
84498,Cem Karaca,Yarım Porsiyon Aydınlık,0.23455271270943578,ANGER,0.5180056691169739,Turkish
84521,Cem Karaca,Kara Sevda,0.23162013228904532,ANGER,0.651334285736084,Turkish
84524,Cem Karaca,Kara Sevda,0.3247204033919221,ANGER,0.651334285736084,Turkish
84525,Scorpion Gang,Champions Leak - Summer Cem’s Scorpion Bars (Vol. 3),0.19466853237916948,ANGER,0.9964800477027892,Turkish
84530,Cem Karaca,Sen Duymadın,0.1992243558286378,FEAR,0.7033126354217529,Turkish
84531,Cem Karaca,Yolumuz Gurbete Düştü,0.08830557553303817,LOVE,0.8973031640052795,Turkish
84536,Cem Karaca,Ay Karanlık,0.15940150259424746,ANGER,0.996868908405304,Turkish
84537,Animus,Kanaken Freestyle,0.2319185136891963,JOY,0.7800544500350952,Turkish
84562,Cem Karaca,İhtiyar Oldum,0.35383897662025615,JOY,0.8693169951438904,Turkish
84567,Cem Karaca,Bu Son Olsun,0.21264576700850518,SADNESS,0.5886147618293762,Turkish
84570,Barış Manço,Seher Vakti,0.18409447960422698,LOVE,0.7207739949226379,Turkish
84578,Flört,Senden Kalan,0.16209640631428757,ANGER,0.6720104217529297,Turkish
84579,Flört,İstanbul,0.2678688571711225,LOVE,0.9753771424293518,Turkish
84583,Scorpion Gang,Champions Leak - Summer Cem’s Scorpion Bars (Vol. 3),0.6096991415727329,ANGER,0.9964800477027892,Turkish
84588,Erkut Taçkın,Beyaz Ev,0.2801412490938845,JOY,0.6834719181060791,Turkish
84590,Barış Manço,Yine Yol Göründü Gurbete...,0.3750734289398535,FEAR,0.807421088218689,Turkish
84611,Barış Manço,Kağızman,0.11941801777736338,ANGER,0.9258545637130736,Turkish
84614,Selda Bağcan,Felek Çakmağını Üstüme Çaktı,0.4494565979912497,SADNESS,0.7587915062904358,Turkish
84636,Barış Manço,Geçti Dost Kervanı,0.5239293499688324,JOY,0.9361695647239684,Turkish
84645,Benjamin Franklin,The Autobiography of Benjamin Franklin (Part Two),0.32143155791046957,JOY,0.8461986780166626,Turkish
84648,Kamuran Akkor,Ben Sarhoş Oldum,0.27302666640199813,LOVE,0.993369162082672,Turkish
84649,RobotWisdom,A logarithmic timeline of the universe,0.2414405956910642,ANGER,0.5319654941558838,Turkish
84666,Barış Manço,Kızılcıklar Oldu Mu,0.3547946032967997,ANGER,0.9089603424072266,Turkish
84677,Kramp (TUR),İstanbul Sokakları,0.25844391075759277,SADNESS,0.8193064332008362,Turkish
84680,Flört,Yola Devam,0.28664805707620217,FEAR,0.5195398330688477,Turkish
84692,Barış Manço,Domates Biber Patlıcan,0.2217830163469551,SADNESS,0.7735041379928589,Turkish
84694,Barış Manço,Sahilde,0.3916080161228107,JOY,0.7250990271568298,Turkish
84701,Selda Bağcan,Gesi Bağları,0.3053258380710282,SADNESS,0.7263585925102234,Turkish
84722,Flört,Onun Adı Hasan,0.19106940664925465,SADNESS,0.7284821271896362,Turkish
84727,3 Hürel,Sana Değmez,0.3903530573416432,SADNESS,0.981054425239563,Turkish
84748,Cem Karaca,Tatlı Dillim (Neredesin),0.3033129889234906,JOY,0.7456515431404114,Turkish
84763,Flört,Şakalar,0.26670578219696217,ANGER,0.5581896305084229,Turkish
84783,Cem Karaca,Oğluma,0.29633373513188715,LOVE,0.7709526419639587,Turkish
84794,Kamuran Akkor,Üstüme Düşme Benim,0.2601834110184546,SADNESS,0.4961511492729187,Turkish
84820,3 Hürel,Ağlarsa Anam Ağlar,0.21238830478790693,SADNESS,0.8864253163337708,Turkish
84829,Boikot,Hablarán Las Calles,0.22113231960515797,SADNESS,0.9646311402320862,Turkish
84861,Barış Manço,Çıt Çıt Çedene,0.34271184163438606,LOVE,0.9138973355293274,Turkish
84864,Barış Manço,Eski Bir Fincan,0.4077979526043919,SADNESS,0.9392828345298768,Turkish
84871,Barış Manço,Süper Babaanne,0.30700076886012606,JOY,0.5623316764831543,Turkish
84873,Kramp (TUR),Bir Dünya Arıyorum,0.24091347956884362,JOY,0.9987228512763976,Turkish
84874,Cem Karaca,1 Mayıs,0.4576547920097524,JOY,0.9867287278175354,Turkish
84879,Scorpion Gang,Champions Leak - Summer Cem’s Scorpion Bars (Vol. 3),0.4414407749345581,ANGER,0.9964800477027892,Turkish
84881,Genius Türkçe Çeviriler,Lil Baby - The Bigger Picture (Türkçe Çeviri),0.47630704366747756,SADNESS,0.8796922564506531,Turkish
84884,Barış Manço,Ham Meyvayı Kopardılar Dalından,0.2255510811462142,ANGER,0.7269536852836609,Turkish
84889,Cem Karaca,Nöbetçinin Türküsü,0.3202718863035281,JOY,0.6144645810127258,Turkish
84894,Cem Karaca,Bedava Yaşıyoruz,0.25401038747978544,JOY,0.9536274671554564,Turkish
84905,Barış Manço,Unutamıyorum,0.27485495772742397,JOY,0.9890148043632508,Turkish
84932,Scorpion Gang,Champions Leak - Summer Cem’s Scorpion Bars (Vol. 3),0.28296597890541475,ANGER,0.9964800477027892,Turkish
84961,Selda Bağcan,Adaletin Bu mu Dünya,0.2585775894244365,JOY,0.7579251527786255,Turkish
84965,Flört,Bu Havalarda Dönme Bana,0.40895710937607765,SADNESS,0.4001064598560333,Turkish
84971,Cem Karaca,Lümüne,0.39020496713669583,SADNESS,0.3547089397907257,Turkish
84972,Selda Bağcan,Niye Çattın Kaşlarını,0.5929417283391258,ANGER,0.4860301315784454,Turkish
84973,Kamuran Akkor,Kimbilir,0.4132035364368266,SADNESS,0.9981794357299804,Turkish
84979,Kamuran Akkor,Yalvarırım Affet,0.4567252089792436,SADNESS,0.9809354543685912,Turkish
84980,Selda Bağcan,Adaletin Bu mu Dünya,0.30340146053472283,JOY,0.7579251527786255,Turkish
84984,Barış Manço,Gibi Gibi,0.22953097262614572,SADNESS,0.8023791313171387,Turkish
84989,Barış Manço,Yolverin Ağalar Beyler!..,0.31236609218210554,LOVE,0.8729287385940552,Turkish
84990,J.R.R. Tolkien,The Hobbit (Bölüm 3 Kısa Bir Dinlenme) [Türkçe],0.22610748870264702,FEAR,0.929990291595459,Turkish
84992,Barış Manço,Anahtar,0.16938888650377593,LOVE,0.607883095741272,Turkish
84995,Cem Karaca,Bu Son Olsun,0.368299732943407,SADNESS,0.5886147618293762,Turkish
85113,Athena,Geberiyorum (Nâzım Hikmet Ran Günler Şiiri),0.2680624516530759,SADNESS,0.946731984615326,Turkish
85405,Çilekeş,Yetmiyor,0.20563687310821332,LOVE,0.9630045294761658,Turkish
85618,Cemiyette Pişiyorum,Supradin,0.09171767980288731,SADNESS,0.9882959723472596,Turkish
85663,Kaçak (TUR),Ölünür De,0.15060588672401493,SADNESS,0.9702657461166382,Turkish
85668,Montague Summers,"The Vampire, His Kith And Kin - Chapter 1",0.2479576489090649,FEAR,0.9754859805107116,Turkish
85706,Çilekeş,Siyah,0.1631995095096729,SADNESS,0.998583436012268,Turkish
85758,Athena,Yorulmak Olmaz,0.13900786520058478,SADNESS,0.7601174712181091,Turkish
85766,Pickpocket,Ne Farkeder,0.11903161630525042,SADNESS,0.5283783674240112,Turkish
85770,Cemiyette Pişiyorum,Beynim Yok,0.1033614221194368,SADNESS,0.9976856708526612,Turkish
85777,Cemiyette Pişiyorum,Gripin,0.10838538273381582,JOY,0.8147135972976685,Turkish
85858,Athena,Köpek,0.07039748847651367,JOY,0.6974414587020874,Turkish
85908,Athena,Mamak Türküsü (Yeni Türkü Zamansız),0.12517059796660512,JOY,0.921942174434662,Turkish
85968,Kolera,Dön Dünya,0.06863062867083428,JOY,0.7227703928947449,Turkish
86169,Athena,Geberiyorum (Nâzım Hikmet Ran Günler Şiiri),0.2680624516530759,SADNESS,0.946731984615326,Turkish
86659,Çilekeş,Yetmiyor,0.20563687310821332,LOVE,0.9630045294761658,Turkish
86807,Kilink,Oc (Aslında Alkol Hala Damarımda),0.43723592936294486,JOY,0.8416199684143066,Turkish
86866,Montague Summers,"The Vampire, His Kith And Kin - Chapter 1",0.2479576489090649,FEAR,0.9754859805107116,Turkish
86869,Cemiyette Pişiyorum,Supradin,0.09171767980288731,SADNESS,0.9882959723472596,Turkish
86908,Kaçak (TUR),Ölünür De,0.15060588672401493,SADNESS,0.9702657461166382,Turkish
86961,Kilink,Torba Var Mı Beyler,0.18282530712817052,ANGER,0.9764228463172911,Turkish
86967,Drunk High Jinks,Hayal Gücümde Ölücem,0.03504263978804348,JOY,0.7713238596916199,Turkish
98142,İntizam,Lütfen,0.400170054345036,SADNESS,0.9860633015632628,Turkish
98269,Patron,Hayat Bilgisi,0.1559646732515841,ANGER,0.6485065817832947,Turkish
98871,Keişan,Yüzüm Yok,0.08976653030075649,SADNESS,0.9973962306976318,Turkish
99482,Emre Fel,Sevgilim Biz Ayrıldık,0.40983879538848267,SADNESS,0.9873722791671752,Turkish
99649,Sertab Erener,Dandini Dandini Dastana,0.5081057714900845,ANGER,0.3828654885292053,Turkish
99799,Sertab Erener,Fış Fış Kayıkçı,0.531716910180217,JOY,0.9973301887512208,Turkish
99880,Sera Savaş,Anlatsam Anlatamam,0.29022038867802114,SADNESS,0.9788092970848083,Turkish
99903,Ufuk Beydemir,Ay Tenli Kadın,0.2610120429412971,LOVE,0.4738219380378723,Turkish
99934,Burcu Güneş,Yansın Geceler,0.2514077894749051,SADNESS,0.6678830981254578,Turkish
99979,Suzan Hacigarip,Şimdi Biraz Uyu,0.3442387537738272,SADNESS,0.925359308719635,Turkish
99981,Kaan Tangöze,Bir Kız Bana Emmi Dedi,0.5282088006149215,ANGER,0.8581915497779846,Turkish
99995,Melike Şahin,Nasır (Live at Zorlu PSM),0.33374473703261426,FEAR,0.5114221572875977,Turkish
99996,Barış Kocatürk,Kalmalısın,0.17574756877823786,JOY,0.9962220191955566,Turkish
101306,Umbrtka,Uhlí,0.9632903507853006,JOY,0.6091399192810059,Balkan
101763,Blokovski,Reci šta imaš,1.0,JOY,0.9908545017242432,Balkan
102188,Lauren Spencer Smith,Fingers Crossed,0.31129416567407275,ANGER,0.9198869466781616,Balkan
102221,Em Beihold,Numb Little Bug,0.21143563454569186,JOY,0.997934103012085,Balkan
102282,Tom Petty,Free Fallin’,0.2727916552848148,JOY,0.9720205068588256,Balkan
102442,Don McLean,American Pie,0.2782715789497185,SADNESS,0.8833143711090088,Balkan
102546,Don Henley,The Boys of Summer,0.13671064946814923,JOY,0.993779957294464,Balkan
103354,The Jackson 5,ABC,0.08144175728638142,JOY,0.9954808950424194,Balkan
105182,Resa Saffa Park,Tendencies,0.48240391840065655,SADNESS,0.7687572836875916,Balkan
105756,We Are Apex,Dior,0.4078977630499484,SADNESS,0.9803588390350342,Balkan
106018,ABBA,Dancing Queen,0.09402719744118618,JOY,0.8299615383148193,Balkan
106280,Moonica Mac,Dalarna,0.5010289338301938,LOVE,0.5070686340332031,Balkan
107089,The Human League,Don’t You Want Me,0.12147267667606579,JOY,0.8603650331497192,Balkan
107225,Электрофорез (Electroforez),Зло (Evil),0.14528842968124922,ANGER,0.4720350801944732,Balkan
109801,Michelle (DEU),Für mich bist du die Welt,0.2901049213431648,SADNESS,0.9982898831367492,Balkan
112167,Şehinşah,Az,0.0988429290579611,JOY,0.9789443016052246,Balkan
112373,Hidra,Zehir,0.13619804272980154,ANGER,0.8576370477676392,Balkan
112400,Anıl Emre Daldal,M.,0.4877065974524717,SADNESS,0.9671090245246888,Balkan
112433,Ceg,Dedemin Anadol’u,0.27732133025704975,ANGER,0.9869279265403748,Balkan
112452,KRU2,Tú,0.2712508676677219,SADNESS,0.9984750151634216,Balkan
1163,Plastilina Mosh,JAJAJA,0.026617835708781457,ANGER,0.8664516806602478,Balkan
14022,KIDZ BOP Kids,Levitating,0.06889341928701906,JOY,0.9953985810279846,Balkan
1557,Octobre Rouge,J’ai passé l’âge,0.1793304889452701,SADNESS,0.97278094291687,Balkan
17203,Alex S,Life As We Know It (feat. Odyssey),0.18762869456587183,JOY,0.9974204301834106,Balkan
1928,Șatra B.E.N.Z.,Atenție,0.12243005569234891,JOY,0.554707407951355,Balkan
19632,Don Henley,The Boys of Summer,0.13671064946814923,JOY,0.993779957294464,Balkan
20158,Avicii,Wake Me Up,0.11899374314412917,JOY,0.8171916604042053,Balkan
20541,Avicii,Wake Me Up (EDX Miami Sunset Radio Edit),0.09893858501518171,JOY,0.8629971742630005,Balkan
20564,Sean Paul,No Lie,0.05477496397999493,FEAR,0.9864397644996644,Balkan
20591,Black Eyed Peas,I Gotta Feeling,0.08687561681622433,SADNESS,0.6190000772476196,Balkan
20641,Black Eyed Peas,I Gotta Feeling,0.08687561681622433,SADNESS,0.6190000772476196,Balkan
21089,Sean Paul,No Lie,0.05477496397999493,FEAR,0.9864397644996644,Balkan
21670,Gifta,Vé Pa,0.11668456420566395,JOY,0.940139889717102,Balkan
2194,Counting Crows,Mr. Jones,0.10825251168377889,JOY,0.9730173349380492,Balkan
2243,No Doubt,Don’t Speak,0.191585050474791,SADNESS,0.98590350151062,Balkan
22472,Claustrofobia,Metal Malóka,0.14577126088608056,LOVE,0.611566960811615,Balkan
2247,Jimmy Eat World,The Middle,0.038992777874438195,ANGER,0.4192450940608978,Balkan
2268,Neon Trees,Everybody Talks,0.049504002259270236,SADNESS,0.9220139384269714,Balkan
2277,Smash Mouth,All Star,0.07043773405430126,JOY,0.3324396908283233,Balkan
2299,Swono,Album History,0.11549938089585568,JOY,0.9533686637878418,Balkan
2327,Hoobastank,The Reason,0.2325048806273356,SADNESS,0.9901037812232972,Balkan
23309,Three 6 Mafia,Destruction Terror,0.08669216417092684,JOY,0.8924117684364319,Balkan
23656,RÆVE (FRA),Firefly,0.09350477374861138,JOY,0.6855674982070923,Balkan
2383,Bishop Briggs,River,0.2402524140355215,JOY,0.7693929076194763,Balkan
25904,Akcent,Kylie,0.06895262135260377,JOY,0.8024855852127075,Balkan
28672,Kompany,Ragnarok,0.09557482438692319,JOY,0.9938608407974244,Balkan
29537,Kompany,Ragnarok,0.09557482438692319,JOY,0.9938608407974244,Balkan
30050,Ritviz,Aaj Na,0.2889171404268733,JOY,0.554677426815033,Balkan
30059,Avicii,Wake Me Up,0.11899374314412917,JOY,0.8171916604042053,Balkan
30181,Avicii,Wake Me Up (EDX Miami Sunset Radio Edit),0.09893858501518171,JOY,0.8629971742630005,Balkan
30284,Swedish House Mafia,Don’t You Worry Child (Radio Edit),0.10017720648114109,JOY,0.7492935061454773,Balkan
30386,Jonas Blue,Mama,0.10258946454652534,LOVE,0.9684532284736632,Balkan
30511,Ritviz,Barso,0.19255944118679155,JOY,0.316960334777832,Balkan
30557,Ritviz,Pran,0.23890703461763305,SADNESS,0.6848365664482117,Balkan
31033,Billie Eilish,bad guy,0.23919837517576917,ANGER,0.9931201934814452,Balkan
31192,Swedish House Mafia,Don’t You Worry Child (Radio Edit),0.10017720648114109,JOY,0.7492935061454773,Balkan
31378,Julia Michaels,What a Time,0.31823916255207774,JOY,0.7799603939056396,Balkan
31421,Alessia Cara,Scars to Your Beautiful,0.12647231937221595,JOY,0.7673452496528625,Balkan
31593,Carly Rae Jepsen,Call Me Maybe,0.13555063589772942,LOVE,0.9889827370643616,Balkan
31659,Sickflip,Roshni,0.2980061624170808,JOY,0.6041624546051025,Balkan
32064,Sickflip,Roshni,0.2980061624170808,JOY,0.6041624546051025,Balkan
32154,Sickflip,Roshni,0.2980061624170808,JOY,0.6041624546051025,Balkan
32354,Good Times Ahead,Hit It!,0.15907770832017035,JOY,0.9025512337684632,Balkan
32754,Mnogoznaal,DOF,0.0896332176569502,SADNESS,0.5400567650794983,Balkan
33031,Fall Out Boy,"Sugar, We’re Goin Down",0.06203000468841041,JOY,0.5619410276412964,Balkan
33092,Jimmy Eat World,The Middle,0.038992777874438195,ANGER,0.4192450940608978,Balkan
3331,Counting Crows,Mr. Jones,0.10825251168377889,JOY,0.9730173349380492,Balkan
33354,FACE,24 на 7,0.2656974858147526,SURPRISE,0.6921876668930054,Balkan
33402,BLUNTHOUSE,"Дико, например [Pharaoh cover]",0.20052205936785436,JOY,0.9935374855995178,Balkan
33510,quiizzzmeow,сети (nets),0.13771476956381629,SADNESS,0.949134349822998,Balkan
33807,PHARAOH,Акид (Acis),0.09521606985538977,SADNESS,0.7562722563743591,Balkan
3416,Smash Mouth,All Star,0.07043773405430126,JOY,0.3324396908283233,Balkan
34186,Tom Petty,Free Fallin’,0.2727916552848148,JOY,0.9720205068588256,Balkan
3425,No Doubt,Don’t Speak,0.191585050474791,SADNESS,0.98590350151062,Balkan
34290,Don McLean,American Pie,0.2782715789497185,SADNESS,0.8833143711090088,Balkan
34440,Don Henley,The Boys of Summer,0.13671064946814923,JOY,0.993779957294464,Balkan
3472,Neon Trees,Everybody Talks,0.049504002259270236,SADNESS,0.9220139384269714,Balkan
3479,Jimmy Eat World,The Middle,0.038992777874438195,ANGER,0.4192450940608978,Balkan
34992,Hiperkarma,Rád talált,0.0813799153373051,FEAR,0.9839330911636353,Balkan
3529,Hoobastank,The Reason,0.2325048806273356,SADNESS,0.9901037812232972,Balkan
3547,Swono,Album History,0.11549938089585568,JOY,0.9533686637878418,Balkan
3620,Bishop Briggs,River,0.2402524140355215,JOY,0.7693929076194763,Balkan
36563,Django,Anthracite,0.3023724233202018,FEAR,0.6197410821914673,Balkan
36610,Soolking,Zemër,0.020549369273763718,JOY,0.9895036220550536,Balkan
37217,2Pac,Ambitionz Az a Ridah,0.022901208387592048,ANGER,0.4309677481651306,Balkan
37328,MC Davi,Tudo no Privê,0.2605888722491444,ANGER,0.9555887579917908,Balkan
37331,Hoobastank,The Reason,0.2325048806273356,SADNESS,0.9901037812232972,Balkan
37721,MC Kako,Neurótico,0.27180930055298086,FEAR,0.9953987002372742,Balkan
39720,NAVACHA,Pegasus,0.11824404882553952,ANGER,0.997655987739563,Balkan
4307,Residente,La Cátedra,0.8931309725317018,SADNESS,0.845373272895813,Balkan
44080,Hoobastank,The Reason,0.2325048806273356,SADNESS,0.9901037812232972,Balkan
4513,ANIMA PRODUCCIONES,Alexander Hamilton (Cover en Español)-Hamilton El Musical,0.5788099520093815,JOY,0.923251748085022,Balkan
45651,​autumnn,“All the songs i enjoy listening to because i feel like making it”,0.6774568659978821,SADNESS,0.9663488864898682,Balkan
46313,Mac Miller,Family Lives,0.014660212461564848,ANGER,0.9839149713516236,Balkan
47342,A.S.I.A. (Band),Sună periculos,0.10467297468666298,ANGER,0.9884883761405944,Balkan
5005,Eve (JPN),廻廻奇譚 (Kaikai Kitan),0.06851543838359539,FEAR,0.9627355933189392,Balkan
51351,Ritviz,Aaj Na,0.2889171404268733,JOY,0.554677426815033,Balkan
51760,SAMBATA,Pinnak,0.10095323664558262,JOY,0.6052489876747131,Balkan
53193,Swedish House Mafia,Don’t You Worry Child (Radio Edit),0.10017720648114109,JOY,0.7492935061454773,Balkan
53382,Jonas Blue,Mama,0.10258946454652534,LOVE,0.9684532284736632,Balkan
53887,​Surf Mesa,ily (i love you baby),0.15872449736526645,LOVE,0.9455076456069946,Balkan
55102,Ritviz,Aaj Na,0.2889171404268733,JOY,0.554677426815033,Balkan
55508,Ritviz,Barso,0.19255944118679155,JOY,0.316960334777832,Balkan
55553,Ritviz,Pran,0.23890703461763305,SADNESS,0.6848365664482117,Balkan
55654,Sickflip,Roshni,0.2980061624170808,JOY,0.6041624546051025,Balkan
56005,Ritviz,Aaj Na,0.2889171404268733,JOY,0.554677426815033,Balkan
56078,Glass Animals,Heat Waves,0.2370232425621187,JOY,0.7493231892585754,Balkan
56092,Glass Animals,Heat Waves,0.2370232425621187,JOY,0.7493231892585754,Balkan
56212,Ritviz,Barso,0.19255944118679155,JOY,0.316960334777832,Balkan
56260,Ritviz,Pran,0.23890703461763305,SADNESS,0.6848365664482117,Balkan
56487,Neon Trees,Everybody Talks,0.049504002259270236,SADNESS,0.9220139384269714,Balkan
56659,Bikki Gurung,Marijau,0.2986898947481936,SADNESS,0.5709213018417358,Balkan
57005,Ritviz,Aaj Na,0.2889171404268733,JOY,0.554677426815033,Balkan
57127,Glass Animals,Heat Waves,0.2370232425621187,JOY,0.7493231892585754,Balkan
57128,Glass Animals,Heat Waves,0.2370232425621187,JOY,0.7493231892585754,Balkan
57411,Ritviz,Barso,0.19255944118679155,JOY,0.316960334777832,Balkan
57461,Ritviz,Pran,0.23890703461763305,SADNESS,0.6848365664482117,Balkan
57932,Neon Trees,Everybody Talks,0.049504002259270236,SADNESS,0.9220139384269714,Balkan
5801,Eve (JPN),廻廻奇譚 (Kaikai Kitan),0.07091128255951212,FEAR,0.9627355933189392,Balkan
59319,Sayedar,Bedel,0.12161393601340262,ANGER,0.919826090335846,Balkan
60327,James Joyce,Finnegans Wake (Chap. 2.1),0.25376410025296664,JOY,0.9241195917129515,Balkan
60823,Loose Buttons,617,0.1606665521798213,FEAR,0.9657505750656128,Balkan
6097,Bucovina,Așteaptă-mă dincolo de moarte,0.12278594130828613,SADNESS,0.9974675178527832,Balkan
6779,Samael,Telepath,0.07237358693368792,JOY,0.997806966304779,Balkan
6816,Nordjevel,Norges sorte himmel,0.26275283036388314,JOY,0.9821723103523254,Balkan
71022,Bon Jovi,Livin’ on a Prayer,0.05899475199829063,LOVE,0.6100801229476929,Balkan
71228,Hoobastank,The Reason,0.2325048806273356,SADNESS,0.9901037812232972,Balkan
72243,Spotify,New Music Friday 122719,0.21414957340486138,ANGER,0.8040071725845337,Balkan
72606,Wildways,Ветивер (Vetiver),0.12686089250875465,JOY,0.9854560494422911,Balkan
73860,Community Lists,Genius Picks Songs 2014,0.19615173843672112,JOY,0.9370652437210084,Balkan
74478,Rita Lee,"Nem Luxo, Nem Lixo",0.2622611405771913,JOY,0.9942029118537904,Balkan
76250,Andrea Bocelli,"Quizàs, Quizàs, Quizàs",0.36320276575914384,SADNESS,0.6910809278488159,Balkan
76837,Sissel,"Upp gledjest alle, gledjest no",0.44634315260471835,JOY,0.6152307391166687,Balkan
79015,OneRepublic,Counting Stars,0.12827996815858028,JOY,0.3476854264736175,Balkan
79077,Keane,Somewhere Only We Know,0.17509452446511048,SADNESS,0.581712007522583,Balkan
79085,Keane,Somewhere Only We Know,0.17509452446511048,SADNESS,0.581712007522583,Balkan
79504,Residente,La Cátedra,0.8931309725317018,SADNESS,0.845373272895813,Balkan
80401,Ritviz,Aaj Na,0.2889171404268733,JOY,0.554677426815033,Balkan
81526,Billie Eilish,bad guy,0.23919837517576917,ANGER,0.9931201934814452,Balkan
81752,Olivia Rodrigo,deja vu,0.2853861182555586,JOY,0.9965230226516724,Balkan
82033,Jimmy Eat World,The Middle,0.038992777874438195,ANGER,0.4192450940608978,Balkan
83045,Swedish House Mafia,Don’t You Worry Child (Radio Edit),0.10017720648114109,JOY,0.7492935061454773,Balkan
85006,182,I Miss You-blink,0.12188691754792083,SADNESS,0.7247115969657898,Balkan
85048,Jimmy Eat World,The Middle,0.038992777874438195,ANGER,0.4192450940608978,Balkan
85693,Depresszio,Nem akarok elszakadni,0.03662432549635283,JOY,0.5443454384803772,Balkan
86005,182,I Miss You-blink,0.12188691754792083,SADNESS,0.7247115969657898,Balkan
86127,Jimmy Eat World,The Middle,0.038992777874438195,ANGER,0.4192450940608978,Balkan
86948,Depresszio,Nem akarok elszakadni,0.03662432549635283,JOY,0.5443454384803772,Balkan
87043,Swono,Album History,0.11549938089585568,JOY,0.9533686637878418,Balkan
87632,Rita Lee,"Nem Luxo, Nem Lixo",0.2622611405771913,JOY,0.9942029118537904,Balkan
91029,Imagine Dragons,Believer,0.05330157223945228,LOVE,0.3095937669277191,Balkan
91036,Imagine Dragons,Thunder,0.13402742918302302,LOVE,0.4061070084571838,Balkan
91066,OneRepublic,Counting Stars,0.12827996815858028,JOY,0.3476854264736175,Balkan
91169,182,I Miss You-blink,0.12188691754792083,SADNESS,0.7247115969657898,Balkan
91218,Fall Out Boy,"Sugar, We’re Goin Down",0.06203000468841041,JOY,0.5619410276412964,Balkan
91287,Bon Jovi,Livin’ on a Prayer,0.05899475199829063,LOVE,0.6100801229476929,Balkan
91300,Eve (JPN),廻廻奇譚 (Kaikai Kitan),0.06851543838359539,FEAR,0.9627355933189392,Balkan
91463,Keane,Somewhere Only We Know,0.17509452446511048,SADNESS,0.581712007522583,Balkan
91834,Tom Petty,Free Fallin’,0.2727916552848148,JOY,0.9720205068588256,Balkan
91887,Counting Crows,Mr. Jones,0.10825251168377889,JOY,0.9730173349380492,Balkan
94059,Benighted Illusion,Lurker of the Barathrum,0.4434959584972543,SADNESS,0.5267611742019653,Balkan
94324,Mezsiah,Novacane,0.21980211826899743,ANGER,0.9978950023651124,Balkan
98065,Ben Platt,​imagine,0.2654663656170847,SADNESS,0.4872341454029083,Balkan
9854,Costa Gold,Backstage,0.045369052099802104,JOY,0.7126712203025818,Balkan
99187,Lauren Spencer Smith,Fingers Crossed,0.31129416567407275,ANGER,0.9198869466781616,Balkan
99220,Em Beihold,Numb Little Bug,0.21143563454569186,JOY,0.997934103012085,Balkan
99282,Tom Petty,Free Fallin’,0.2727916552848148,JOY,0.9720205068588256,Balkan
99442,Don McLean,American Pie,0.2782715789497185,SADNESS,0.8833143711090088,Balkan
99544,Don Henley,The Boys of Summer,0.13671064946814923,JOY,0.993779957294464,Balkan
